-- phpMyAdmin SQL Dump
-- version 5.1.0
-- https://www.phpmyadmin.net/
--
-- Host: 127.0.0.1
-- Waktu pembuatan: 05 Okt 2021 pada 04.45
-- Versi server: 10.4.19-MariaDB
-- Versi PHP: 8.0.6

SET SQL_MODE = "NO_AUTO_VALUE_ON_ZERO";
START TRANSACTION;
SET time_zone = "+00:00";


/*!40101 SET @OLD_CHARACTER_SET_CLIENT=@@CHARACTER_SET_CLIENT */;
/*!40101 SET @OLD_CHARACTER_SET_RESULTS=@@CHARACTER_SET_RESULTS */;
/*!40101 SET @OLD_COLLATION_CONNECTION=@@COLLATION_CONNECTION */;
/*!40101 SET NAMES utf8mb4 */;

--
-- Database: `magang`
--

-- --------------------------------------------------------

--
-- Struktur dari tabel `choise`
--

CREATE TABLE `choise` (
  `choise` varchar(50) NOT NULL
) ENGINE=InnoDB DEFAULT CHARSET=utf8mb4;

--
-- Dumping data untuk tabel `choise`
--

INSERT INTO `choise` (`choise`) VALUES
('Transfer'),
('Contract Extension'),
('Promotion'),
('Re-designation'),
('Salary'),
('Employment Status'),
('Others...');

-- --------------------------------------------------------

--
-- Struktur dari tabel `departement`
--

CREATE TABLE `departement` (
  `id_departement` int(11) NOT NULL,
  `departement` varchar(50) NOT NULL
) ENGINE=InnoDB DEFAULT CHARSET=utf8mb4;

--
-- Dumping data untuk tabel `departement`
--

INSERT INTO `departement` (`id_departement`, `departement`) VALUES
(1, 'Business Development'),
(2, 'Cladtek'),
(3, 'Finance & Accounting'),
(4, 'Health, Safety, & Environment'),
(5, 'Human Resources'),
(6, 'ITES'),
(7, 'Maintenance & Engineering'),
(8, 'Process Improvement'),
(9, 'Production'),
(10, 'Production Automation'),
(11, 'Project'),
(12, 'Project (Others)'),
(13, 'Quality Assurance'),
(14, 'Quality Control'),
(15, 'Supply Chain Management'),
(16, 'Technical');

-- --------------------------------------------------------

--
-- Struktur dari tabel `division`
--

CREATE TABLE `division` (
  `id_division` int(11) NOT NULL,
  `division` varchar(50) NOT NULL,
  `id_departement` int(11) NOT NULL
) ENGINE=InnoDB DEFAULT CHARSET=utf8mb4;

--
-- Dumping data untuk tabel `division`
--

INSERT INTO `division` (`id_division`, `division`, `id_departement`) VALUES
(1, 'Bending & HT', 9),
(2, 'Blast & Paint', 9),
(3, 'Business Development', 1),
(4, 'Consumable', 15),
(5, 'Data Entry & Clerk', 9),
(6, 'Design', 8),
(7, 'Doc. Controller', 11),
(8, 'Electrical', 7),
(9, 'Electrical Control System', 7),
(10, 'Engineering', 7),
(11, 'Engineering & Automation', 10),
(12, 'EPICOR', 6),
(13, 'Equipment & Build', 9),
(14, 'Expeditor', 9),
(15, 'Facility Operations', 7),
(16, 'General Affair', 5),
(17, 'Group Finance', 3),
(18, 'HR Information System', 5),
(19, 'HR Operations', 5),
(20, 'HSE', 4),
(21, 'Human Resources', 5),
(22, 'Induction Bend Project', 11),
(23, 'IT', 6),
(24, 'Liner', 9),
(25, 'Logistics', 15),
(26, 'Machine Shop', 9),
(27, 'Maintenance', 7),
(28, 'Manager', 1),
(29, 'Manual Repair', 9),
(30, 'Material', 15),
(31, 'Material Movement', 9),
(32, 'MLP', 9),
(33, 'NDE', 14),
(34, 'Other', 2),
(35, 'Packing & Carpentry', 9),
(36, 'Planning', 11),
(37, 'Process', 8),
(38, 'Prod. QC', 9),
(39, 'Production Automation', 10),
(40, 'Project', 11),
(41, 'Purchasing', 15),
(42, 'QA', 13),
(43, 'QC Documentation', 14),
(44, 'QH', 9),
(45, 'Quality Assurance', 13),
(46, 'Quality Control', 14),
(47, 'Security', 5),
(48, 'SHV', 9),
(49, 'Spool Fab. Fitter', 9),
(50, 'Spool Fab. Welder', 9),
(51, 'Store', 15),
(52, 'Superintendent', 9),
(53, 'Supervisor', 9),
(54, 'System Development', 10),
(55, 'Technical', 16),
(56, 'TH', 9),
(57, 'Training Specialist', 5),
(58, 'Welding', 16),
(59, 'Welding Specialist', 9),
(60, 'blank', 7),
(61, 'Manager', 2),
(62, 'Manager', 3),
(63, 'Manager', 4),
(64, 'Manager', 5),
(65, 'Manager', 6),
(66, 'Manager', 7),
(67, 'Manager', 9),
(68, 'Manager', 10),
(69, 'Manager', 11),
(70, 'Manager', 13),
(71, 'Manager', 16),
(72, 'Business Development', 2),
(73, 'Finance', 3),
(74, 'Design', 11),
(75, 'blank', 9),
(76, 'blank', 11),
(77, 'blank', 15),
(78, 'blank', 16),
(79, 'Design', 16),
(80, 'Doc. Controller', 16),
(81, 'Material', 16);

-- --------------------------------------------------------

--
-- Struktur dari tabel `employee`
--

CREATE TABLE `employee` (
  `Employee_Number` int(11) DEFAULT NULL,
  `Name` varchar(18) CHARACTER SET utf8 DEFAULT NULL,
  `Company` varchar(7) CHARACTER SET utf8 DEFAULT NULL,
  `Designation` varchar(41) CHARACTER SET utf8 DEFAULT NULL,
  `Employment_Status` varchar(9) CHARACTER SET utf8 DEFAULT NULL,
  `Department` varchar(29) CHARACTER SET utf8 DEFAULT NULL,
  `Section` varchar(25) CHARACTER SET utf8 DEFAULT NULL,
  `Marital_Status` varchar(7) CHARACTER SET utf8 DEFAULT NULL,
  `Ethnic` varchar(15) CHARACTER SET utf8 DEFAULT NULL,
  `Highest_Educational_Level` varchar(22) CHARACTER SET utf8 DEFAULT NULL,
  `Main_Position` varchar(41) CHARACTER SET utf8 DEFAULT NULL,
  `Sex` varchar(6) CHARACTER SET utf8 DEFAULT NULL,
  `Religion` varchar(9) CHARACTER SET utf8 DEFAULT NULL,
  `Join_Date` datetime DEFAULT NULL,
  `Employment_Status_1` varchar(10) CHARACTER SET utf8 DEFAULT NULL
) ENGINE=InnoDB DEFAULT CHARSET=utf8mb4;

--
-- Dumping data untuk tabel `employee`
--

INSERT INTO `employee` (`Employee_Number`, `Name`, `Company`, `Designation`, `Employment_Status`, `Department`, `Section`, `Marital_Status`, `Ethnic`, `Highest_Educational_Level`, `Main_Position`, `Sex`, `Religion`, `Join_Date`, `Employment_Status_1`) VALUES
(1, 'Employee Name 1', 'Cladtek', 'Business Development', 'Permanent', 'Cladtek', 'Business Development', 'Married', 'Expat', NULL, 'Business Development', 'Male', 'Default', '2013-01-01 00:00:00', 'Expatriate'),
(12, 'Employee Name 2', 'Cladtek', 'Production Foreman', 'Permanent', 'Production', 'Spool Fab. Welder', 'Married', 'Melayu', 'Senior High School', 'Production Foreman - Spool Fab. Welder', 'Male', 'Islam', '2007-11-30 00:00:00', 'Permanent'),
(17, 'Employee Name 3', 'Cladtek', 'Production Superintendent', 'Permanent', 'Production', 'Superintendent', 'Married', 'Jawa', 'Senior High School', 'WOL Superintendent 2', 'Male', 'Islam', '2005-12-26 00:00:00', 'Permanent'),
(20, 'Employee Name 4', 'Cladtek', 'Production Foreman', 'Permanent', 'Production', 'MLP', 'Married', 'Palembang', 'Senior High School', 'Production Operator - MLP 1', 'Male', 'Islam', '2006-01-26 00:00:00', 'Permanent'),
(31, 'Employee Name 5', 'Cladtek', 'Supervisor', 'Permanent', 'Production', 'Supervisor', 'Married', 'Batak', 'Senior High School', 'Blast & Paint Supervisor\n', 'Male', 'Christian', '2006-08-01 00:00:00', 'Permanent'),
(51, 'Employee Name 6', 'Cladtek', 'Purchasing Officer', 'Permanent', 'Supply Chain Management', 'Purchasing', 'Married', 'Bugis', 'Junior High School', 'Purchasing Officer', 'Female', 'Islam', '2007-04-24 00:00:00', 'Permanent'),
(75, 'Employee Name 7', 'Cladtek', 'Production Supervisor', 'Permanent', 'Production', 'Supervisor', 'Married', 'Jawa', 'Senior High School', 'Production Supervisor - Machining', 'Male', 'Islam', '2010-05-31 00:00:00', 'Permanent'),
(78, 'Employee Name 8', 'Cladtek', 'Production Foreman', 'Permanent', 'Production', 'TH', 'Married', 'Bugis', 'Senior High School', 'Production Foreman - TH', 'Male', 'Islam', '2007-11-09 00:00:00', 'Permanent'),
(79, 'Employee Name 9', 'Cladtek', 'Store Foreman', 'Permanent', 'Supply Chain Management', 'Consumable', 'Married', 'Jawa', 'Senior High School', 'Store Foreman 1', 'Male', 'Islam', '2007-11-28 00:00:00', 'Permanent'),
(92, 'Employee Name 10', 'Cladtek', 'Machine Shop Superintendent', 'Permanent', 'Production', 'Superintendent', 'Married', 'Batak', NULL, 'Machine Shop Superintendent', 'Male', 'Christian', '2007-12-18 00:00:00', 'Permanent'),
(106, 'Employee Name 11', 'Cladtek', 'HSE Manager', 'Permanent', 'Health, Safety, & Environment', 'Manager', 'Married', 'Batak', 'D3', 'Sr. HSE Manager', 'Male', 'Christian', '2008-04-01 00:00:00', 'Permanent'),
(109, 'Employee Name 12', 'Cladtek', 'Sr. QC Inspector', 'Permanent', 'Quality Control', 'Quality Control', 'Married', 'Sunda', 'Senior High School', 'Sr. QC Inspector 2', 'Male', 'Islam', '2008-04-10 00:00:00', 'Permanent'),
(116, 'Employee Name 13', 'Cladtek', 'QC Document Controller Supervisor', 'Permanent', 'Quality Control', 'QC Documentation', 'Married', 'Batak', 'D3', 'QC Document Controller Supervisor', 'Female', 'Christian', '2008-06-23 00:00:00', 'Permanent'),
(119, 'Employee Name 14', 'Cladtek', 'Sr. QC Inspector', 'Permanent', 'Quality Control', 'Quality Control', 'Married', 'Batak', 'D3', 'Sr. QC Inspector 1', 'Male', 'Christian', '2008-05-28 00:00:00', 'Permanent'),
(132, 'Employee Name 15', 'Cladtek', 'QC Supervisor', 'Permanent', 'Quality Control', 'Quality Control', 'Married', 'Melayu', 'Senior High School', 'QC Supervisor 1', 'Male', 'Islam', '2008-06-18 00:00:00', 'Permanent'),
(134, 'Employee Name 16', 'Cladtek', 'Sr. QC Inspector', 'Permanent', 'Quality Control', 'Quality Control', 'Married', 'Minang', 'D3', 'Sr. QC Inspector 1', 'Male', 'Islam', '2008-06-23 00:00:00', 'Permanent'),
(135, 'Employee Name 17', 'Cladtek', 'Production Superintendent', 'Permanent', 'Production', 'Superintendent', 'Married', 'Batak', NULL, 'WOL Superintendent', 'Male', 'Christian', '2008-06-20 00:00:00', 'Permanent'),
(143, 'Employee Name 18', 'Cladtek', 'Engineering Superintendent', 'Permanent', 'Maintenance & Engineering', 'Engineering', 'Married', 'Minang', NULL, 'Engineering Superitendent\n', 'Male', 'Islam', '2008-10-06 00:00:00', 'Permanent'),
(149, 'Employee Name 19', 'Cladtek', 'Production Foreman', 'Permanent', 'Production', 'MLP', 'Married', 'Bugis', 'Senior High School', 'Sr. Production Foreman - MLP 1', 'Male', 'Islam', '2009-02-01 00:00:00', 'Permanent'),
(153, 'Employee Name 20', 'Cladtek', 'Production Foreman', 'Permanent', 'Production', 'MLP', 'Married', 'Batak', 'Senior High School', 'Sr. Production Foreman - MLP 1', 'Male', 'Christian', '2009-02-01 00:00:00', 'Permanent'),
(155, 'Employee Name 21', 'Cladtek', 'Production Supervisor', 'Permanent', 'Production', 'Supervisor', 'Married', 'Batak', 'Senior High School', 'SHV Supervisor', 'Male', 'Christian', '2009-02-01 00:00:00', 'Permanent'),
(156, 'Employee Name 22', 'Cladtek', 'Production Superintendent', 'Permanent', 'Production', 'Superintendent', 'Married', 'Melayu', 'Senior High School', 'WOL Superintendent', 'Male', 'Islam', '2009-02-01 00:00:00', 'Permanent'),
(157, 'Employee Name 23', 'Cladtek', 'Production Foreman', 'Permanent', 'Production', 'QH', 'Married', 'Minang', 'Senior High School', 'Sr. Production Foreman - QH', 'Male', 'Islam', '2009-02-01 00:00:00', 'Permanent'),
(160, 'Employee Name 24', 'Cladtek', 'Production Foreman', 'Permanent', 'Production', 'TH', 'Married', 'Palembang', NULL, 'Production Foreman - TH', 'Male', 'Islam', '2009-03-01 00:00:00', 'Permanent'),
(163, 'Employee Name 25', 'Cladtek', 'Driver', 'Permanent', 'Human Resources', 'General Affair', 'Married', 'Jawa', 'Senior High School', 'Driver', 'Male', 'Islam', '2009-01-02 00:00:00', 'Permanent'),
(165, 'Employee Name 26', 'Cladtek', 'Production Operator', 'Permanent', 'Production', 'MLP', 'Married', 'Jawa', 'Senior High School', 'Production Operator - MLP 2', 'Male', 'Islam', '2009-09-28 00:00:00', 'Permanent'),
(166, 'Employee Name 27', 'Cladtek', 'Production Foreman', 'Permanent', 'Production', 'SHV', 'Married', 'Jawa', 'Senior High School', 'Production Foreman - SHV', 'Male', 'Islam', '2009-10-01 00:00:00', 'Permanent'),
(173, 'Employee Name 28', 'Cladtek', 'Production Foreman', 'Permanent', 'Production', 'Manual Repair', 'Married', 'Melayu', 'Senior High School', 'Manual Repair Foreman', 'Male', 'Islam', '2009-11-01 00:00:00', 'Permanent'),
(174, 'Employee Name 29', 'Cladtek', 'Production Foreman', 'Permanent', 'Production', 'Packing & Carpentry', 'Married', 'Buton', NULL, 'Sr. Packing & Carpenter Foreman\n', 'Male', 'Islam', '2009-11-23 00:00:00', 'Permanent'),
(184, 'Employee Name 30', 'Cladtek', 'Production Foreman', 'Permanent', 'Production', 'QH', 'Married', 'Batak', 'Senior High School', 'Sr. Production Foreman - QH', 'Male', 'Catholic', '2010-06-01 00:00:00', 'Permanent'),
(186, 'Employee Name 31', 'Cladtek', 'Cleaner HSE', 'Permanent', 'Health, Safety, & Environment', 'HSE', 'Single', 'Jawa', 'Senior High School', 'Cleaner HSE', 'Male', 'Islam', '2010-06-17 00:00:00', 'Permanent'),
(199, 'Employee Name 32', 'Cladtek', 'Production Foreman', 'Permanent', 'Production', 'MLP', 'Married', 'Batak', NULL, 'Production Foreman - SHV', 'Male', 'Islam', '2010-10-23 00:00:00', 'Permanent'),
(200, 'Employee Name 33', 'Cladtek', 'Production Foreman', 'Permanent', 'Production', 'Spool Fab. Welder', 'Married', 'Minang', 'Senior High School', 'Production Foreman - Spool Fab. Welder', 'Male', 'Islam', '2010-10-25 00:00:00', 'Permanent'),
(213, 'Employee Name 34', 'Cladtek', 'Sr. Document Controller', 'Permanent', 'Quality Control', 'QC Documentation', 'Married', 'Sunda', 'S1', 'Sr. QC Document Controller', 'Female', 'Islam', '2010-12-20 00:00:00', 'Permanent'),
(219, 'Employee Name 35', 'Cladtek', 'Production Foreman', 'Permanent', 'Production', 'SHV', 'Married', 'Batak', 'S1', 'Production Foreman - SHV', 'Male', 'Christian', '2010-12-28 00:00:00', 'Permanent'),
(220, 'Employee Name 36', 'Cladtek', 'Production Operator', 'Permanent', 'Production', 'SHV', 'Married', 'Batak', 'Senior High School', 'Production Operator - SHV', 'Male', 'Christian', '2010-12-28 00:00:00', 'Permanent'),
(222, 'Employee Name 37', 'Cladtek', 'Production Foreman', 'Permanent', 'Production', 'Liner', 'Married', 'Batak', 'Senior High School', 'Production Foreman - MLP 2', 'Male', 'Christian', '2010-12-28 00:00:00', 'Permanent'),
(228, 'Employee Name 38', 'Cladtek', 'Production Operator', 'Permanent', 'Production', 'Machine Shop', 'Married', 'Jawa', 'Senior High School', 'Production Operator - Machine Shop', 'Male', 'Islam', '2011-01-13 00:00:00', 'Permanent'),
(231, 'Employee Name 39', 'Cladtek', 'Finance Manager', 'Permanent', 'Finance & Accounting', 'Manager', 'Married', 'Batak', 'D3', 'Finance Manager', 'Female', 'Christian', '2011-01-17 00:00:00', 'Permanent'),
(237, 'Employee Name 40', 'Cladtek', 'Production Foreman', 'Permanent', 'Production', 'SHV', 'Married', 'Jawa', 'Senior High School', 'Production Foreman - SHV', 'Male', 'Islam', '2011-01-31 00:00:00', 'Permanent'),
(239, 'Employee Name 41', 'Cladtek', 'Production Foreman', 'Permanent', 'Production', 'SHV', 'Married', 'Melayu', 'Senior High School', 'Production Foreman - SHV', 'Male', 'Islam', '2011-01-31 00:00:00', 'Permanent'),
(241, 'Employee Name 42', 'Cladtek', 'Production Operator', 'Permanent', 'Production', 'Material Movement', 'Married', 'Batak', 'Senior High School', 'OHC Operator', 'Male', 'Christian', '2011-02-14 00:00:00', 'Permanent'),
(249, 'Employee Name 43', 'Cladtek', 'Fitter', 'Permanent', 'Production', 'Equipment & Build', 'Married', 'Buton', NULL, 'Fitter - P&E', 'Male', 'Islam', '2011-02-24 00:00:00', 'Permanent'),
(250, 'Employee Name 44', 'Cladtek', 'Production Foreman', 'Permanent', 'Production', 'SHV', 'Married', 'Flores', 'S1', 'Production Foreman - SHV', 'Male', 'Islam', '2011-02-28 00:00:00', 'Permanent'),
(251, 'Employee Name 45', 'Cladtek', 'Production Foreman', 'Permanent', 'Production', 'SHV', 'Married', 'Palembang', 'Senior High School', 'Production Foreman - SHV', 'Male', 'Islam', '2011-02-28 00:00:00', 'Permanent'),
(253, 'Employee Name 46', 'Cladtek', 'Production Operator', 'Permanent', 'Production', 'MLP', 'Married', 'Buton', 'Senior High School', 'Production Operator - MLP 1', 'Male', 'Islam', '2011-02-28 00:00:00', 'Permanent'),
(255, 'Employee Name 47', 'Cladtek', 'Production Foreman', 'Permanent', 'Production', 'Liner', 'Married', 'Jawa', 'Senior High School', 'Production Foreman - MLP 2', 'Male', 'Islam', '2011-02-28 00:00:00', 'Permanent'),
(256, 'Employee Name 48', 'Cladtek', 'Production Operator', 'Permanent', 'Production', 'MLP', 'Married', 'Batak', 'Senior High School', 'Production Operator - MLP 1', 'Male', 'Christian', '2011-02-28 00:00:00', 'Permanent'),
(261, 'Employee Name 49', 'Cladtek', 'Store Foreman', 'Permanent', 'Supply Chain Management', 'Material', 'Married', 'Jawa', 'Senior High School', 'Store Foreman 2', 'Male', 'Islam', '2011-03-08 00:00:00', 'Permanent'),
(263, 'Employee Name 50', 'Cladtek', 'Production Foreman', 'Permanent', 'Production', 'Material Movement', 'Married', 'Melayu', 'Senior High School', 'Material Movement Foreman', 'Male', 'Islam', '2011-03-08 00:00:00', 'Permanent'),
(267, 'Employee Name 51', 'Cladtek', 'Sr. Purchasing Supervisor', 'Permanent', 'Supply Chain Management', 'Purchasing', 'Married', 'Minang', 'S1', 'Sr. Purchasing Supervisor', 'Female', 'Islam', '2011-03-18 00:00:00', 'Permanent'),
(268, 'Employee Name 52', 'Cladtek', 'Production Foreman', 'Permanent', 'Production', 'Machine Shop', 'Married', 'Jawa', 'Senior High School', 'Sr. Production Foreman - Machine Shop', 'Male', 'Islam', '2011-03-18 00:00:00', 'Permanent'),
(269, 'Employee Name 53', 'Cladtek', 'Production Foreman', 'Permanent', 'Production', 'QH', 'Married', 'Melayu', 'Senior High School', 'Sr. Production Foreman - QH', 'Male', 'Islam', '2011-03-18 00:00:00', 'Permanent'),
(273, 'Employee Name 54', 'Cladtek', 'Production Operator', 'Permanent', 'Production', 'SHV', 'Single', 'Bugis', 'Senior High School', 'Production Operator - SHV', 'Male', 'Islam', '2011-03-18 00:00:00', 'Permanent'),
(274, 'Employee Name 55', 'Cladtek', 'Production Operator', 'Permanent', 'Production', 'SHV', 'Married', 'Jawa', 'Senior High School', 'Production Operator - SHV', 'Male', 'Islam', '2011-03-18 00:00:00', 'Permanent'),
(275, 'Employee Name 56', 'Cladtek', 'Production Operator', 'Permanent', 'Production', 'TH', 'Married', 'Jawa', 'Senior High School', 'Production Operator - TH', 'Male', 'Islam', '2011-03-18 00:00:00', 'Permanent'),
(281, 'Employee Name 57', 'Cladtek', 'Production Foreman', 'Permanent', 'Production', 'SHV', 'Single', 'Melayu', 'Senior High School', 'Production Foreman - SHV', 'Male', 'Islam', '2011-03-28 00:00:00', 'Permanent'),
(284, 'Employee Name 58', 'Cladtek', 'Production Supervisor', 'Permanent', 'Production', 'Supervisor', 'Married', 'Batak', 'Senior High School', 'Bending & HT Supervisor\n', 'Male', 'Christian', '2011-03-28 00:00:00', 'Permanent'),
(286, 'Employee Name 59', 'Cladtek', 'Sr. QC Inspector', 'Permanent', 'Quality Control', 'Quality Control', 'Married', 'Jawa', 'Senior High School', 'Sr. QC Inspector 2', 'Male', 'Islam', '2011-04-05 00:00:00', 'Permanent'),
(292, 'Employee Name 60', 'Cladtek', 'Production Operator', 'Permanent', 'Production', 'SHV', 'Married', 'Minang', 'Senior High School', 'Production Operator - SHV', 'Male', 'Islam', '2011-04-08 00:00:00', 'Permanent'),
(296, 'Employee Name 61', 'Cladtek', 'Production Operator', 'Permanent', 'Production', 'Bending & HT', 'Married', 'Batak', 'Senior High School', 'Production Operator - Bending & HT', 'Male', 'Christian', '2011-04-08 00:00:00', 'Permanent'),
(297, 'Employee Name 62', 'Cladtek', 'Rigger', 'Permanent', 'Production', 'Material Movement', 'Married', 'Jawa', 'Senior High School', 'Rigger', 'Male', 'Islam', '2011-04-08 00:00:00', 'Permanent'),
(305, 'Employee Name 63', 'Cladtek', 'Production Foreman', 'Permanent', 'Production', 'Manual Repair', 'Married', 'Jawa', 'Senior High School', 'Manual Repair Foreman', 'Male', 'Islam', '2011-04-18 00:00:00', 'Permanent'),
(306, 'Employee Name 64', 'Cladtek', 'Production Foreman', 'Permanent', 'Production', 'Liner', 'Single', 'Aceh', 'Senior High School', 'Production Foreman - MLP 2', 'Male', 'Islam', '2011-04-18 00:00:00', 'Permanent'),
(308, 'Employee Name 65', 'Cladtek', 'Production Foreman', 'Permanent', 'Production', 'SHV', 'Married', 'Melayu', 'Senior High School', 'Production Foreman - SHV', 'Male', 'Islam', '2011-04-18 00:00:00', 'Permanent'),
(312, 'Employee Name 66', 'Cladtek', 'Production Operator', 'Permanent', 'Production', 'SHV', 'Married', 'Palembang', 'Senior High School', 'Production Operator - SHV', 'Male', 'Islam', '2011-04-18 00:00:00', 'Permanent'),
(321, 'Employee Name 67', 'Cladtek', 'Sr. Project Manager', 'Permanent', 'Project', 'Manager', 'Married', 'Aceh', 'S1', 'Sr. Project Manager', 'Male', 'Islam', '2011-05-02 00:00:00', 'Permanent'),
(322, 'Employee Name 68', 'Cladtek', 'Production Operator', 'Permanent', 'Production', 'Manual Repair', 'Married', 'Melayu', 'Senior High School', 'Production Operator - Manual Repair', 'Male', 'Islam', '2011-05-04 00:00:00', 'Permanent'),
(326, 'Employee Name 69', 'Cladtek', 'Production Operator', 'Permanent', 'Production', 'Spool Fab. Welder', 'Married', 'Melayu', 'Junior High School', 'Production Operator - Spool Fab. Welder', 'Male', 'Islam', '2011-05-09 00:00:00', 'Permanent'),
(332, 'Employee Name 70', 'Cladtek', 'Production Foreman', 'Permanent', 'Production', 'MLP', 'Married', 'Bugis', 'Senior High School', 'Sr. Production Foreman - MLP 1', 'Male', 'Islam', '2011-05-10 00:00:00', 'Permanent'),
(334, 'Employee Name 71', 'Cladtek', 'Production Operator', 'Permanent', 'Production', 'Spool Fab. Welder', 'Married', 'Palembang', 'Senior High School', 'Production Operator - Spool Fab. Welder', 'Male', 'Islam', '2011-05-09 00:00:00', 'Permanent'),
(335, 'Employee Name 72', 'Cladtek', 'Production Operator', 'Permanent', 'Production', 'Machine Shop', 'Married', 'Sumbawa', 'Senior High School', 'Production Operator - Machine Shop', 'Male', 'Islam', '2011-05-09 00:00:00', 'Permanent'),
(339, 'Employee Name 73', 'Cladtek', 'Production Operator', 'Permanent', 'Production', 'Machine Shop', 'Married', 'Sunda', 'Senior High School', 'Production Operator - Machine Shop', 'Male', 'Islam', '2011-05-20 00:00:00', 'Permanent'),
(343, 'Employee Name 74', 'Cladtek', 'Store Foreman', 'Permanent', 'Supply Chain Management', 'Material', 'Married', 'Flores', NULL, 'Store Foreman 2', 'Male', 'Islam', '2011-05-24 00:00:00', 'Permanent'),
(349, 'Employee Name 75', 'Cladtek', 'Project Operations Manager', 'Permanent', 'Project', 'Manager', 'Default', 'Expat', NULL, 'Project Operations Manager', 'Male', 'Default', '2011-08-09 00:00:00', 'Expatriate'),
(354, 'Employee Name 76', 'Cladtek', 'Electrical Control System Supervisor', 'Permanent', 'Production Automation', 'Electrical Control System', 'Married', 'Melayu', 'D3', 'Electrical Control System Supervisor\n', 'Male', 'Islam', '2011-09-28 00:00:00', 'Permanent'),
(356, 'Employee Name 77', 'Cladtek', 'Production Operator', 'Permanent', 'Production', 'Spool Fab. Welder', 'Single', 'Jawa', 'Senior High School', 'Production Operator - Spool Fab. Welder', 'Male', 'Islam', '2011-10-10 00:00:00', 'Permanent'),
(357, 'Employee Name 78', 'Cladtek', 'Production Operator', 'Permanent', 'Production', 'MLP', 'Married', 'Palembang', 'Senior High School', 'Production Operator - MLP 1', 'Male', 'Islam', '2011-10-10 00:00:00', 'Permanent'),
(359, 'Employee Name 79', 'Cladtek', 'Production Operator', 'Permanent', 'Production', 'QH', 'Married', 'Melayu', 'Senior High School', 'Production Operator - QH', 'Male', 'Islam', '2011-10-11 00:00:00', 'Permanent'),
(361, 'Employee Name 80', 'Cladtek', 'Production Foreman', 'Permanent', 'Production', 'Bending & HT', 'Married', 'Batak', 'Senior High School', 'Production Foreman - Bending & HT', 'Male', 'Christian', '2011-10-11 00:00:00', 'Permanent'),
(365, 'Employee Name 81', 'Cladtek', 'Production Foreman', 'Permanent', 'Production', 'TH', 'Married', 'Jawa', 'Senior High School', 'Production Foreman - TH', 'Male', 'Islam', '2011-10-14 00:00:00', 'Permanent'),
(367, 'Employee Name 82', 'Cladtek', 'Production Operator', 'Permanent', 'Production', 'Machine Shop', 'Married', 'Jawa', 'Senior High School', 'Production Operator - Machine Shop', 'Male', 'Islam', '2011-10-19 00:00:00', 'Permanent'),
(376, 'Employee Name 83', 'Cladtek', 'Production Operator', 'Permanent', 'Production', 'SHV', 'Married', 'Sunda', 'Senior High School', 'Production Operator - SHV', 'Male', 'Islam', '2011-10-30 00:00:00', 'Permanent'),
(378, 'Employee Name 84', 'Cladtek', 'Production Operator', 'Permanent', 'Production', 'MLP', 'Married', 'Palembang', 'Senior High School', 'Production Operator - MLP 1', 'Male', 'Islam', '2011-10-30 00:00:00', 'Permanent'),
(381, 'Employee Name 85', 'Cladtek', 'Production Foreman', 'Permanent', 'Production', 'MLP', 'Married', 'Minang', 'Senior High School', 'Sr. Production Foreman - MLP 1', 'Male', 'Islam', '2011-11-08 00:00:00', 'Permanent'),
(401, 'Employee Name 86', 'Cladtek', 'MLP Superintendent', 'Permanent', 'Production', 'Superintendent', 'Married', 'Minang', 'S1', 'MLP Superintendent', 'Male', 'Islam', '2011-11-21 00:00:00', 'Permanent'),
(402, 'Employee Name 87', 'Cladtek', 'Production Foreman', 'Permanent', 'Production', 'MLP', 'Single', 'Batak', 'S1', 'Production Foreman - MLP 1', 'Male', 'Christian', '2011-11-23 00:00:00', 'Permanent'),
(440, 'Employee Name 88', 'Cladtek', 'Production Operator', 'Permanent', 'Production', 'Manual Repair', 'Married', 'Jawa', 'Senior High School', 'Production Operator - Manual Repair', 'Male', 'Islam', '2012-01-09 00:00:00', 'Permanent'),
(442, 'Employee Name 89', 'Cladtek', 'Production Operator', 'Permanent', 'Production', 'SHV', 'Married', 'Melayu', 'Senior High School', 'Production Operator - SHV', 'Male', 'Islam', '2012-01-09 00:00:00', 'Permanent'),
(458, 'Employee Name 90', 'Cladtek', 'Sr. Electrical Technician', 'Permanent', 'Production Automation', 'Electrical Control System', 'Married', 'Melayu', 'Senior High School', 'Sr. Electrical Technician', 'Male', 'Islam', '2012-01-16 00:00:00', 'Permanent'),
(500, 'Employee Name 91', 'Cladtek', 'Production Operator', 'Permanent', 'Production', 'Manual Repair', 'Married', 'Flores', 'Senior High School', 'Production Operator - Manual Repair', 'Male', 'Catholic', '2012-02-08 00:00:00', 'Permanent'),
(502, 'Employee Name 92', 'Cladtek', 'Production Operator', 'Permanent', 'Production', 'Packing & Carpentry', 'Married', 'Flores', 'Senior High School', 'Production Operator - Packing & Carpentry', 'Male', 'Catholic', '2012-02-08 00:00:00', 'Permanent'),
(511, 'Employee Name 93', 'Cladtek', 'Production Operator', 'Permanent', 'Production', 'Spool Fab. Welder', 'Married', 'Palembang', 'Senior High School', 'Production Operator - Spool Fab. Welder', 'Male', 'Islam', '2012-02-01 00:00:00', 'Permanent'),
(515, 'Employee Name 94', 'Cladtek', 'Security', 'Permanent', 'Human Resources', 'Security', 'Married', 'Jawa', 'Senior High School', 'Security', 'Male', 'Islam', '2012-03-01 00:00:00', 'Permanent'),
(516, 'Employee Name 95', 'Cladtek', 'Security', 'Permanent', 'Human Resources', 'Security', 'Married', 'Jawa', NULL, 'Security', 'Male', 'Islam', '2012-03-01 00:00:00', 'Permanent'),
(528, 'Employee Name 96', 'Cladtek', 'Production Operator', 'Permanent', 'Production', 'Spool Fab. Welder', 'Married', 'Palembang', 'Senior High School', 'Production Operator - Spool Fab. Welder', 'Male', 'Islam', '2012-03-20 00:00:00', 'Permanent'),
(529, 'Employee Name 97', 'Cladtek', 'Production Operator', 'Permanent', 'Production', 'SHV', 'Married', 'Batak', 'Senior High School', 'Production Operator - SHV', 'Female', 'Christian', '2012-03-21 00:00:00', 'Permanent'),
(537, 'Employee Name 98', 'Cladtek', 'Bending Lead', 'Permanent', 'Production', 'Superintendent', 'Married', 'Batak', 'S1', 'Bending & HT Superitendent\n', 'Male', 'Islam', '2012-04-10 00:00:00', 'Permanent'),
(538, 'Employee Name 99', 'Cladtek', 'PM Foreman', 'Permanent', 'Maintenance & Engineering', 'Maintenance', 'Married', 'Batak', 'Senior High School', 'Maintenance Foreman 1\n', 'Male', 'Christian', '2012-04-12 00:00:00', 'Permanent'),
(539, 'Employee Name 100', 'Cladtek', 'Production Foreman', 'Permanent', 'Production', 'SHV', 'Married', 'Minang', 'Senior High School', 'Production Foreman - SHV', 'Male', 'Islam', '2012-04-12 00:00:00', 'Permanent'),
(549, 'Employee Name 101', 'Cladtek', 'Production Operator', 'Permanent', 'Production', 'MLP', 'Married', 'Batak', 'Senior High School', 'Production Operator - MLP 1', 'Male', 'Christian', '2012-04-23 00:00:00', 'Permanent'),
(554, 'Employee Name 102', 'Cladtek', 'Production Foreman', 'Permanent', 'Production', 'QH', 'Married', 'Minang', NULL, 'Sr. Production Foreman - QH', 'Male', 'Islam', '2012-04-30 00:00:00', 'Permanent'),
(556, 'Employee Name 103', 'Cladtek', 'Production Operator', 'Permanent', 'Production', 'Material Movement', 'Single', 'Batak', 'Senior High School', 'OHC Operator', 'Male', 'Christian', '2012-04-30 00:00:00', 'Permanent'),
(564, 'Employee Name 104', 'Cladtek', 'Store Foreman', 'Permanent', 'Supply Chain Management', 'Consumable', 'Married', 'Batak', 'Senior High School', 'Store Foreman 1', 'Male', 'Catholic', '2012-05-01 00:00:00', 'Permanent'),
(567, 'Employee Name 105', 'Cladtek', 'Production Foreman', 'Permanent', 'Production', 'SHV', 'Married', 'Jawa', 'Senior High School', 'Production Foreman - SHV', 'Male', 'Islam', '2012-05-01 00:00:00', 'Permanent'),
(571, 'Employee Name 106', 'Cladtek', 'Production Supervisor', 'Permanent', 'Production', 'Supervisor', 'Married', 'Batak', 'Senior High School', 'Material Movement Supervisor\n', 'Male', 'Christian', '2012-05-01 00:00:00', 'Permanent'),
(575, 'Employee Name 107', 'Cladtek', 'Production Operator', 'Permanent', 'Production', 'Machine Shop', 'Married', 'Jawa', 'Senior High School', 'Production Operator - Machine Shop', 'Male', 'Islam', '2012-05-08 00:00:00', 'Permanent'),
(579, 'Employee Name 108', 'Cladtek', 'Production Operator', 'Permanent', 'Production', 'Material Movement', 'Married', 'Batak', 'Senior High School', 'OHC Operator', 'Male', 'Christian', '2012-05-11 00:00:00', 'Permanent'),
(582, 'Employee Name 109', 'Cladtek', 'Production Operator', 'Permanent', 'Production', 'MLP', 'Married', 'Minang', 'Senior High School', 'Production Operator - MLP 1', 'Male', 'Islam', '2012-05-11 00:00:00', 'Permanent'),
(586, 'Employee Name 110', 'Cladtek', 'Production Operator', 'Permanent', 'Production', 'TH', 'Married', 'Buton', 'Senior High School', 'Production Operator - TH', 'Male', 'Islam', '2012-05-16 00:00:00', 'Permanent'),
(591, 'Employee Name 111', 'Cladtek', 'Production Foreman', 'Permanent', 'Production', 'TH', 'Married', 'Jawa', 'Senior High School', 'Production Foreman - TH', 'Male', 'Islam', '2012-05-16 00:00:00', 'Permanent'),
(594, 'Employee Name 112', 'Cladtek', 'Production Operator', 'Permanent', 'Production', 'SHV', 'Married', 'Palembang', 'Senior High School', 'Production Operator - SHV', 'Male', 'Islam', '2012-05-16 00:00:00', 'Permanent'),
(597, 'Employee Name 113', 'Cladtek', 'Production Operator', 'Permanent', 'Production', 'SHV', 'Married', 'Batak', 'Junior High School', 'Production Operator - SHV', 'Male', 'Christian', '2012-05-18 00:00:00', 'Permanent'),
(603, 'Employee Name 114', 'Cladtek', 'Production Operator', 'Permanent', 'Production', 'SHV', 'Single', 'Jawa', 'Senior High School', 'Production Operator - SHV', 'Male', 'Islam', '2012-05-18 00:00:00', 'Permanent'),
(604, 'Employee Name 115', 'Cladtek', 'Group Finance Manager', 'Permanent', 'Finance & Accounting', 'Group Finance', 'Default', 'Expat', NULL, 'Group Finance Manager', 'Female', 'Buddha', '2017-05-26 00:00:00', 'Expatriate'),
(620, 'Employee Name 116', 'Cladtek', 'Production Operator', 'Permanent', 'Production', 'TH', 'Single', 'Buton', 'Senior High School', 'Production Operator - TH', 'Male', 'Islam', '2012-06-04 00:00:00', 'Permanent'),
(625, 'Employee Name 117', 'Cladtek', 'Production Operator', 'Permanent', 'Production', 'TH', 'Married', 'Jawa', 'Senior High School', 'Production Operator - TH', 'Male', 'Islam', '2012-06-11 00:00:00', 'Permanent'),
(641, 'Employee Name 118', 'Cladtek', 'Production Operator', 'Permanent', 'Production', 'Spool Fab. Welder', 'Married', 'Minang', 'Senior High School', 'Production Operator - Spool Fab. Welder', 'Male', 'Islam', '2012-06-28 00:00:00', 'Permanent'),
(642, 'Employee Name 119', 'Cladtek', 'Production Operator', 'Permanent', 'Production', 'Material Movement', 'Married', 'Jawa', 'Senior High School', 'OHC Operator', 'Male', 'Islam', '2012-06-28 00:00:00', 'Permanent'),
(648, 'Employee Name 120', 'Cladtek', 'Production Operator', 'Permanent', 'Production', 'Packing & Carpentry', 'Married', 'Buton', NULL, 'Production Operator - Packing & Carpentry', 'Male', 'Islam', '2012-06-29 00:00:00', 'Permanent'),
(649, 'Employee Name 121', 'Cladtek', 'Production Operator', 'Permanent', 'Production', 'Machine Shop', 'Married', 'Buton', 'Senior High School', 'Production Operator - Machine Shop', 'Male', 'Islam', '2012-06-29 00:00:00', 'Permanent'),
(656, 'Employee Name 122', 'Cladtek', 'Production Operator', 'Permanent', 'Production', 'Machine Shop', 'Married', 'Jawa', 'Senior High School', 'Production Operator - Machine Shop', 'Male', 'Islam', '2012-07-09 00:00:00', 'Permanent'),
(679, 'Employee Name 123', 'Cladtek', 'QC Coordinator', 'Permanent', 'Quality Control', 'Quality Control', 'Married', 'Batak', 'S1', 'Quality Control Superitendent', 'Male', 'Christian', '2012-07-25 00:00:00', 'Permanent'),
(685, 'Employee Name 124', 'Cladtek', 'Production Operator', 'Permanent', 'Production', 'Prod. QC', 'Married', 'Melayu', 'Senior High School', 'Production QC', 'Male', 'Islam', '2012-07-30 00:00:00', 'Permanent'),
(699, 'Employee Name 125', 'Cladtek', 'Production Foreman', 'Permanent', 'Production', 'Material Movement', 'Married', 'Jawa', 'Senior High School', 'Material Movement Foreman', 'Male', 'Islam', '2012-08-03 00:00:00', 'Permanent'),
(704, 'Employee Name 126', 'Cladtek', 'Production Operator', 'Permanent', 'Production', 'MLP', 'Single', 'Jawa', 'Senior High School', 'Production Operator - MLP 1', 'Male', 'Islam', '2012-08-07 00:00:00', 'Permanent'),
(708, 'Employee Name 127', 'Cladtek', 'Production Operator', 'Permanent', 'Production', 'MLP', 'Married', 'Melayu', 'Senior High School', 'Production Operator - MLP 1', 'Male', 'Islam', '2012-08-07 00:00:00', 'Permanent'),
(711, 'Employee Name 128', 'Cladtek', 'Production Operator', 'Permanent', 'Production', 'SHV', 'Married', 'Maluku', 'Senior High School', 'Production Operator - SHV', 'Male', 'Islam', '2012-08-07 00:00:00', 'Permanent'),
(723, 'Employee Name 129', 'Cladtek', 'Production Operator', 'Permanent', 'Production', 'SHV', 'Single', 'Lampung', 'Senior High School', 'Production Operator - SHV', 'Male', 'Islam', '2012-08-22 00:00:00', 'Permanent'),
(728, 'Employee Name 130', 'Cladtek', 'Production Operator', 'Permanent', 'Production', 'TH', 'Married', 'Batak', 'Senior High School', 'Production Operator - TH', 'Male', 'Christian', '2012-08-23 00:00:00', 'Permanent'),
(731, 'Employee Name 131', 'Cladtek', 'Production Operator', 'Permanent', 'Production', 'Packing & Carpentry', 'Married', 'Melayu', 'Senior High School', 'Production Operator - Packing & Carpentry', 'Male', 'Islam', '2012-08-27 00:00:00', 'Permanent'),
(732, 'Employee Name 132', 'Cladtek', 'Production Operator', 'Permanent', 'Production', 'MLP', 'Married', 'Jawa', 'Senior High School', 'Production Operator - MLP 1', 'Male', 'Islam', '2012-08-27 00:00:00', 'Permanent'),
(742, 'Employee Name 133', 'Cladtek', 'Head of Security', 'Permanent', 'Human Resources', 'Security', 'Married', 'Jawa', 'Senior High School', 'Security Coordinator\n', 'Male', 'Islam', '2012-09-01 00:00:00', 'Permanent'),
(743, 'Employee Name 134', 'Cladtek', 'Security', 'Permanent', 'Human Resources', 'Security', 'Married', 'Palembang', 'Senior High School', 'Security', 'Male', 'Islam', '2012-09-01 00:00:00', 'Permanent'),
(759, 'Employee Name 135', 'Cladtek', 'Production Operator', 'Permanent', 'Production', 'Prod. QC', 'Married', 'Jawa', 'Senior High School', 'Production QC', 'Male', 'Islam', '2012-09-10 00:00:00', 'Permanent'),
(777, 'Employee Name 136', 'Cladtek', 'Production Operator', 'Permanent', 'Production', 'MLP', 'Single', 'Batak', 'S1', 'Production Operator - MLP 1', 'Male', 'Christian', '2012-09-24 00:00:00', 'Permanent'),
(806, 'Employee Name 137', 'Cladtek', 'Production Operator', 'Permanent', 'Production', 'QH', 'Married', 'Palembang', 'Senior High School', 'Production Operator - QH', 'Male', 'Islam', '2012-10-12 00:00:00', 'Permanent'),
(818, 'Employee Name 138', 'Cladtek', 'Production Operator', 'Permanent', 'Production', 'MLP', 'Married', 'Minang', 'Senior High School', 'Production Operator - MLP 1', 'Male', 'Islam', '2012-10-22 00:00:00', 'Permanent'),
(822, 'Employee Name 139', 'Cladtek', 'Production Operator', 'Permanent', 'Production', 'Liner', 'Married', 'Melayu', 'Senior High School', 'Production Operator - MLP 2', 'Male', 'Islam', '2012-10-22 00:00:00', 'Permanent'),
(828, 'Employee Name 140', 'Cladtek', 'Production Operator', 'Permanent', 'Production', 'MLP', 'Married', 'Batak', 'Senior High School', 'Production Operator - MLP 1', 'Male', 'Christian', '2012-10-30 00:00:00', 'Permanent'),
(829, 'Employee Name 141', 'Cladtek', 'Production Foreman', 'Permanent', 'Production', 'QH', 'Married', 'Jawa', 'Senior High School', 'Production Foreman - QH', 'Male', 'Islam', '2012-10-30 00:00:00', 'Permanent'),
(834, 'Employee Name 142', 'Cladtek', 'Production Operator', 'Permanent', 'Production', 'MLP', 'Single', 'Jawa', 'Senior High School', 'Production Operator - MLP 1', 'Male', 'Islam', '2012-11-01 00:00:00', 'Permanent'),
(840, 'Employee Name 143', 'Cladtek', 'Security', 'Permanent', 'Human Resources', 'Security', 'Married', 'Jawa', 'Senior High School', 'Security', 'Male', 'Islam', '2012-11-01 00:00:00', 'Permanent'),
(847, 'Employee Name 144', 'Cladtek', 'Production Equipment Lead', 'Permanent', 'Maintenance & Engineering', 'Maintenance', 'Married', 'Batak', 'Senior High School', 'Maintenance Superintendent 2', 'Male', 'Christian', '2012-11-05 00:00:00', 'Permanent'),
(865, 'Employee Name 145', 'Cladtek', 'Production Operator', 'Permanent', 'Production', 'Spool Fab. Welder', 'Married', 'Jawa', 'Senior High School', 'Production Operator - Spool Fab. Welder', 'Male', 'Islam', '2012-11-12 00:00:00', 'Permanent'),
(866, 'Employee Name 146', 'Cladtek', 'Production Operator', 'Permanent', 'Production', 'MLP', 'Single', 'Batak', 'Senior High School', 'Production Operator - MLP 1', 'Male', 'Islam', '2012-11-13 00:00:00', 'Permanent'),
(872, 'Employee Name 147', 'Cladtek', 'Production Operator', 'Permanent', 'Production', 'MLP', 'Married', 'Palembang', 'Senior High School', 'Production Operator - MLP 1', 'Male', 'Islam', '2012-11-14 00:00:00', 'Permanent'),
(875, 'Employee Name 148', 'Cladtek', 'Production Operator', 'Permanent', 'Production', 'Manual Repair', 'Married', 'Batak', 'Senior High School', 'Production Operator - Manual Repair', 'Male', 'Christian', '2012-11-16 00:00:00', 'Permanent'),
(893, 'Employee Name 149', 'Cladtek', 'Production Operator', 'Permanent', 'Production', 'Packing & Carpentry', 'Married', 'Flores', 'Senior High School', 'Production Operator - Packing & Carpentry', 'Male', 'Catholic', '2012-11-28 00:00:00', 'Permanent'),
(907, 'Employee Name 150', 'Cladtek', 'Production Operator', 'Permanent', 'Production', 'Packing & Carpentry', 'Single', 'Flores', 'Senior High School', 'Production Operator - Packing & Carpentry', 'Male', 'Catholic', '2012-12-06 00:00:00', 'Permanent'),
(910, 'Employee Name 151', 'Cladtek', 'Production Operator', 'Permanent', 'Production', 'TH', 'Married', 'Jawa', 'Senior High School', 'Production Operator - TH', 'Male', 'Islam', '2012-12-06 00:00:00', 'Permanent'),
(921, 'Employee Name 152', 'Cladtek', 'HSE Officer', 'Permanent', 'Health, Safety, & Environment', 'HSE', 'Married', 'Batak', 'Senior High School', 'HSE Officer', 'Male', 'Islam', '2012-12-10 00:00:00', 'Permanent'),
(923, 'Employee Name 153', 'Cladtek', 'Store Keeper', 'Permanent', 'Supply Chain Management', 'Store', 'Married', 'Flores', 'Senior High School', 'Store Keeper 1', 'Male', 'Christian', '2012-12-12 00:00:00', 'Permanent'),
(926, 'Employee Name 154', 'Cladtek', 'Production Operator', 'Permanent', 'Production', 'Spool Fab. Welder', 'Married', 'Jawa', 'Senior High School', 'Production Operator - Spool Fab. Welder', 'Male', 'Islam', '2012-12-12 00:00:00', 'Permanent'),
(947, 'Employee Name 155', 'Cladtek', 'Production Operator', 'Permanent', 'Production', 'Spool Fab. Welder', 'Married', 'Batak', 'Senior High School', 'Production Operator - Spool Fab. Welder', 'Male', 'Islam', '2012-12-20 00:00:00', 'Permanent'),
(955, 'Employee Name 156', 'Cladtek', 'QC Engineer', 'Permanent', 'Quality Control', 'Quality Control', 'Married', 'Palembang', 'D3', 'QC Engineer 1', 'Male', 'Islam', '2012-12-21 00:00:00', 'Permanent'),
(956, 'Employee Name 157', 'Cladtek', 'Sr. Project Manager', 'Permanent', 'Project', 'Manager', 'Married', 'Batak', 'S1', 'Sr. Project Manager 1', 'Male', 'Christian', '2012-12-21 00:00:00', 'Permanent'),
(959, 'Employee Name 158', 'Cladtek', 'Security', 'Permanent', 'Human Resources', 'Security', 'Married', 'Jawa', 'Senior High School', 'Security', 'Male', 'Islam', '2012-12-01 00:00:00', 'Permanent'),
(960, 'Employee Name 159', 'Cladtek', 'Security', 'Permanent', 'Human Resources', 'Security', 'Married', 'Aceh', 'Senior High School', 'Security', 'Male', 'Islam', '2012-12-01 00:00:00', 'Permanent'),
(967, 'Employee Name 160', 'Cladtek', 'NDT Supervisor', 'Permanent', 'Quality Control', 'NDE', 'Married', 'Minang', 'Senior High School', 'NDT Supervisor', 'Male', 'Islam', '2013-01-07 00:00:00', 'Permanent'),
(977, 'Employee Name 161', 'Cladtek', 'Production Operator', 'Permanent', 'Production', 'MLP', 'Married', 'Batak', 'Senior High School', 'Production Operator - MLP 1', 'Male', 'Christian', '2013-01-11 00:00:00', 'Permanent'),
(984, 'Employee Name 162', 'Cladtek', 'Production Foreman', 'Permanent', 'Production', 'MLP', 'Married', 'Batak', 'Senior High School', 'Production Foreman - MLP 1', 'Male', 'Christian', '2013-01-14 00:00:00', 'Permanent'),
(990, 'Employee Name 163', 'Cladtek', 'Sr. QC Inspector', 'Permanent', 'Quality Control', 'Quality Control', 'Married', 'Minang', 'Senior High School', 'Sr. QC Inspector 1', 'Male', 'Islam', '2013-01-21 00:00:00', 'Permanent'),
(993, 'Employee Name 164', 'Cladtek', 'Preventive Maintenance Engineer', 'Permanent', 'Maintenance & Engineering', 'Maintenance', 'Married', 'Batak', 'Senior High School', 'Maintenance Supervisor 2', 'Male', 'Christian', '2013-01-22 00:00:00', 'Permanent'),
(994, 'Employee Name 165', 'Cladtek', 'Maintenance Supervisor', 'Permanent', 'Maintenance & Engineering', 'Maintenance', 'Married', 'Jawa', 'Senior High School', 'Maintenance Supervisor', 'Male', 'Islam', '2013-01-22 00:00:00', 'Permanent'),
(1014, 'Employee Name 166', 'Cladtek', 'Store Keeper', 'Permanent', 'Supply Chain Management', 'Material', 'Married', 'Batak', 'Senior High School', 'Store Keeper 2', 'Male', 'Christian', '2013-02-05 00:00:00', 'Permanent'),
(1018, 'Employee Name 167', 'Cladtek', 'Special Projects Manager', 'Permanent', 'Project', 'Manager', 'Married', 'Expat', NULL, 'Special Projects Manager', 'Male', 'Default', '2013-02-18 00:00:00', 'Expatriate'),
(1026, 'Employee Name 168', 'Cladtek', 'Production Operator', 'Permanent', 'Production', 'MLP', 'Married', 'Batak', 'Senior High School', 'Production Operator - MLP 1', 'Male', 'Islam', '2011-11-14 00:00:00', 'Permanent'),
(1027, 'Employee Name 169', 'Cladtek', 'Store Keeper', 'Permanent', 'Supply Chain Management', 'Store', 'Married', 'Lampung', 'Elementary School', 'Store Keeper 1', 'Male', 'Islam', '2011-11-14 00:00:00', 'Permanent'),
(1028, 'Employee Name 170', 'Cladtek', 'Rigger', 'Permanent', 'Production', 'Material Movement', 'Married', 'Palembang', 'Senior High School', 'Rigger', 'Male', 'Islam', '2011-11-14 00:00:00', 'Permanent'),
(1029, 'Employee Name 171', 'Cladtek', 'Cleaner HSE', 'Permanent', 'Health, Safety, & Environment', 'HSE', 'Married', 'Palembang', 'Senior High School', 'Cleaner HSE', 'Male', 'Islam', '2011-11-14 00:00:00', 'Permanent'),
(1030, 'Employee Name 172', 'Cladtek', 'Cleaner Human Resources', 'Permanent', 'Human Resources', 'General Affair', 'Married', 'Aceh', 'Senior High School', 'Cleaner Human Resources', 'Male', 'Islam', '2011-11-14 00:00:00', 'Permanent'),
(1035, 'Employee Name 173', 'Cladtek', 'Production Operator', 'Permanent', 'Production', 'MLP', 'Married', 'Palembang', 'Elementary School', 'Production Operator - MLP 2', 'Male', 'Islam', '2011-11-08 00:00:00', 'Permanent'),
(1038, 'Employee Name 174', 'Cladtek', 'Sr. QC Inspector', 'Permanent', 'Quality Control', 'Quality Control', 'Married', 'Minang', 'Senior High School', 'Sr. QC Inspector 1', 'Male', 'Islam', '2013-03-15 00:00:00', 'Permanent'),
(1041, 'Employee Name 175', 'Cladtek', 'Security', 'Permanent', 'Human Resources', 'Security', 'Married', 'Batak', 'Senior High School', 'Security', 'Male', 'Christian', '2013-03-01 00:00:00', 'Permanent'),
(1043, 'Employee Name 176', 'Cladtek', 'Security', 'Permanent', 'Human Resources', 'Security', 'Married', 'Jawa', 'Senior High School', 'Security', 'Male', 'Islam', '2013-03-01 00:00:00', 'Permanent'),
(1050, 'Employee Name 177', 'Cladtek', 'Production Operator', 'Permanent', 'Production', 'Machine Shop', 'Single', 'Jawa', 'Senior High School', 'Production Operator - Machine Shop', 'Male', 'Islam', '2011-11-14 00:00:00', 'Permanent'),
(1056, 'Employee Name 178', 'Cladtek', 'Sr. QC Technician', 'Permanent', 'Quality Control', 'Quality Control', 'Married', 'Melayu', 'Senior High School', 'Sr. QC Technician 2', 'Male', 'Islam', '2013-04-09 00:00:00', 'Permanent'),
(1057, 'Employee Name 179', 'Cladtek', 'Production Operator', 'Permanent', 'Production', 'MLP', 'Married', 'Jawa', 'Senior High School', 'Production Operator - MLP 1', 'Male', 'Islam', '2012-03-06 00:00:00', 'Permanent'),
(1058, 'Employee Name 180', 'Cladtek', 'Production Operator', 'Permanent', 'Production', 'Spool Fab. Welder', 'Married', 'Batak', 'Senior High School', 'Production Operator - Spool Fab. Welder', 'Male', 'Catholic', '2011-12-08 00:00:00', 'Permanent'),
(1066, 'Employee Name 181', 'Cladtek', 'Production Operator', 'Permanent', 'Production', 'MLP', 'Married', 'Flores', 'Senior High School', 'Production Operator - MLP 1', 'Male', 'Catholic', '2011-11-14 00:00:00', 'Permanent'),
(1068, 'Employee Name 182', 'Cladtek', 'Production Operator', 'Permanent', 'Production', 'MLP', 'Single', 'Batak', 'Senior High School', 'Production Operator - MLP 1', 'Male', 'Islam', '2013-04-25 00:00:00', 'Permanent'),
(1070, 'Employee Name 183', 'Cladtek', 'Production Operator', 'Permanent', 'Production', 'MLP', 'Married', 'Batak', 'Senior High School', 'Production Operator - MLP 1', 'Male', 'Christian', '2011-12-26 00:00:00', 'Permanent'),
(1071, 'Employee Name 184', 'Cladtek', 'Production Expeditor', 'Permanent', 'Production', 'Expeditor', 'Married', 'Palembang', 'Senior High School', 'Production Expeditor', 'Male', 'Islam', '2011-12-26 00:00:00', 'Permanent'),
(1076, 'Employee Name 185', 'Cladtek', 'Production Operator', 'Permanent', 'Production', 'MLP', 'Married', 'Melayu', 'Senior High School', 'Production Operator - MLP 1', 'Male', 'Islam', '2011-12-26 00:00:00', 'Permanent'),
(1077, 'Employee Name 186', 'Cladtek', 'Production Foreman', 'Permanent', 'Production', 'SHV', 'Married', 'Minang', 'Senior High School', 'Production Foreman - SHV', 'Male', 'Islam', '2011-12-26 00:00:00', 'Permanent'),
(1078, 'Employee Name 187', 'Cladtek', 'Production Operator', 'Permanent', 'Production', 'Material Movement', 'Married', 'Jawa', NULL, 'Forklift Operator', 'Male', 'Islam', '2011-11-21 00:00:00', 'Permanent'),
(1079, 'Employee Name 188', 'Cladtek', 'Production Operator', 'Permanent', 'Production', 'MLP', 'Single', 'Batak', 'Senior High School', 'Production Operator - MLP 1', 'Male', 'Islam', '2013-04-30 00:00:00', 'Permanent'),
(1082, 'Employee Name 189', 'Cladtek', 'Production Operator', 'Permanent', 'Production', 'QH', 'Married', 'Batak', 'Senior High School', 'Production Operator - QH', 'Male', 'Islam', '2012-01-02 00:00:00', 'Permanent'),
(1085, 'Employee Name 190', 'Cladtek', 'Production Operator', 'Permanent', 'Production', 'QH', 'Single', 'Jawa', 'Senior High School', 'Production Operator - QH', 'Male', 'Islam', '2013-05-02 00:00:00', 'Permanent'),
(1086, 'Employee Name 191', 'Cladtek', 'Production Operator', 'Permanent', 'Production', 'MLP', 'Married', 'Batak', 'Senior High School', 'Production Operator - MLP 1', 'Male', 'Christian', '2013-05-02 00:00:00', 'Permanent'),
(1097, 'Employee Name 192', 'Cladtek', 'Production Operator', 'Permanent', 'Production', 'MLP', 'Married', 'Batak', 'Senior High School', 'Production Operator - MLP 1', 'Male', 'Islam', '2012-01-09 00:00:00', 'Permanent'),
(1101, 'Employee Name 193', 'Cladtek', 'Production Operator', 'Permanent', 'Production', 'MLP', 'Married', 'Jawa', 'Senior High School', 'Production Operator - MLP 1', 'Male', 'Islam', '2012-01-24 00:00:00', 'Permanent'),
(1105, 'Employee Name 194', 'Cladtek', 'Production Operator', 'Permanent', 'Production', 'Spool Fab. Welder', 'Married', 'Sunda', 'Senior High School', 'Production Operator - Spool Fab. Welder', 'Male', 'Islam', '2012-01-26 00:00:00', 'Permanent'),
(1106, 'Employee Name 195', 'Cladtek', 'Production Operator', 'Permanent', 'Production', 'Spool Fab. Welder', 'Married', 'Minang', 'Senior High School', 'Production Operator - Spool Fab. Welder', 'Male', 'Islam', '2012-01-26 00:00:00', 'Permanent'),
(1110, 'Employee Name 196', 'Cladtek', 'Production Operator', 'Permanent', 'Production', 'Machine Shop', 'Married', 'Batak', 'Senior High School', 'Production Operator - Machine Shop', 'Male', 'Christian', '2012-01-31 00:00:00', 'Permanent'),
(1114, 'Employee Name 197', 'Cladtek', 'Production Operator', 'Permanent', 'Production', 'QH', 'Married', 'Melayu', 'Senior High School', 'Production Operator - QH', 'Male', 'Islam', '2012-09-10 00:00:00', 'Permanent'),
(1115, 'Employee Name 198', 'Cladtek', 'Production Foreman', 'Permanent', 'Production', 'TH', 'Married', 'Palembang', 'Senior High School', 'Production Foreman - TH', 'Male', 'Islam', '2012-01-09 00:00:00', 'Permanent'),
(1117, 'Employee Name 199', 'Cladtek', 'Production Operator', 'Permanent', 'Production', 'Spool Fab. Welder', 'Married', 'Jawa', 'Senior High School', 'Production Operator - Spool Fab. Welder', 'Male', 'Islam', '2012-01-09 00:00:00', 'Permanent'),
(1119, 'Employee Name 200', 'Cladtek', 'Production Foreman', 'Permanent', 'Production', 'MLP', 'Married', 'Jawa', 'Senior High School', 'Production Foreman - MLP 1', 'Male', 'Islam', '2012-01-09 00:00:00', 'Permanent'),
(1120, 'Employee Name 201', 'Cladtek', 'Production Operator', 'Permanent', 'Production', 'MLP', 'Single', 'Jawa', 'Senior High School', 'Production Operator - MLP 1', 'Male', 'Islam', '2012-01-09 00:00:00', 'Permanent'),
(1139, 'Employee Name 202', 'Cladtek', 'Maintenance Foreman 1', 'Permanent', 'Maintenance & Engineering', 'Maintenance', 'Married', 'Jawa', 'Senior High School', 'Maintenance Foreman 1\n', 'Male', 'Islam', '2013-06-17 00:00:00', 'Permanent'),
(1148, 'Employee Name 203', 'Cladtek', 'Production Foreman', 'Permanent', 'Production', 'MLP', 'Married', 'Batak', 'Senior High School', 'Production Foreman - MLP 1', 'Male', 'Christian', '2013-06-17 00:00:00', 'Permanent'),
(1153, 'Employee Name 204', 'Cladtek', 'QC Supervisor', 'Permanent', 'Quality Control', 'Quality Control', 'Married', 'Jawa', 'D3', 'QC Supervisor 1', 'Male', 'Christian', '2013-06-21 00:00:00', 'Permanent'),
(1161, 'Employee Name 205', 'Cladtek', 'NDE Technician', 'Permanent', 'Quality Control', 'NDE', 'Single', 'Sunda', 'Senior High School', 'Sr. NDE Technician 3', 'Male', 'Islam', '2013-06-24 00:00:00', 'Permanent'),
(1169, 'Employee Name 206', 'Cladtek', 'Production Supervisor', 'Permanent', 'Production', 'Supervisor', 'Married', 'Jawa', 'Senior High School', 'Manual Repair Supervisor', 'Male', 'Islam', '2013-07-01 00:00:00', 'Permanent'),
(1178, 'Employee Name 207', 'Cladtek', 'Security', 'Permanent', 'Human Resources', 'Security', 'Married', 'Bugis', 'Senior High School', 'Security', 'Male', 'Islam', '2013-07-01 00:00:00', 'Permanent'),
(1179, 'Employee Name 208', 'Cladtek', 'Production Operator', 'Permanent', 'Production', 'SHV', 'Married', 'Buton', 'Senior High School', 'Production Operator - SHV', 'Male', 'Islam', '2012-02-08 00:00:00', 'Permanent'),
(1181, 'Employee Name 209', 'Cladtek', 'Production Operator', 'Permanent', 'Production', 'Packing & Carpentry', 'Married', 'Palembang', 'Senior High School', 'Production Operator - Packing & Carpentry', 'Male', 'Islam', '2012-08-27 00:00:00', 'Permanent'),
(1182, 'Employee Name 210', 'Cladtek', 'Production Operator', 'Permanent', 'Production', 'Material Movement', 'Married', 'Flores', 'Senior High School', 'OHC Operator', 'Male', 'Catholic', '2012-08-27 00:00:00', 'Permanent'),
(1191, 'Employee Name 211', 'Cladtek', 'Production Operator', 'Permanent', 'Production', 'TH', 'Single', 'Batak', 'Senior High School', 'Production Operator - TH', 'Male', 'Christian', '2012-06-11 00:00:00', 'Permanent'),
(1198, 'Employee Name 212', 'Cladtek', 'Production Operator', 'Permanent', 'Production', 'MLP', 'Single', 'Melayu', 'Senior High School', 'Production Operator - MLP 1', 'Male', 'Islam', '2012-09-10 00:00:00', 'Permanent'),
(1199, 'Employee Name 213', 'Cladtek', 'Production Operator', 'Permanent', 'Production', 'MLP', 'Single', 'Bugis', 'Senior High School', 'Production Operator - MLP 1', 'Male', 'Islam', '2012-06-11 00:00:00', 'Permanent'),
(1203, 'Employee Name 214', 'Cladtek', 'Store Foreman', 'Permanent', 'Supply Chain Management', 'Consumable', 'Married', 'Palembang', 'Senior High School', 'Store Foreman 1', 'Male', 'Islam', '2012-03-20 00:00:00', 'Permanent'),
(1205, 'Employee Name 215', 'Cladtek', 'Cleaner Human Resources', 'Permanent', 'Human Resources', 'General Affair', 'Married', 'Jawa', 'Junior High School', 'Cleaner Human Resources', 'Female', 'Islam', '2012-07-02 00:00:00', 'Permanent'),
(1206, 'Employee Name 216', 'Cladtek', 'Cleaner HSE', 'Permanent', 'Health, Safety, & Environment', 'HSE', 'Married', 'Flores', 'Junior High School', 'Cleaner HSE', 'Male', 'Catholic', '2012-03-06 00:00:00', 'Permanent'),
(1212, 'Employee Name 217', 'Cladtek', 'Production Operator', 'Permanent', 'Production', 'MLP', 'Married', 'Batak', 'Senior High School', 'Production Operator - MLP 1', 'Male', 'Christian', '2013-07-31 00:00:00', 'Permanent'),
(1213, 'Employee Name 218', 'Cladtek', 'Sr. HR Officer ', 'Permanent', 'Human Resources', 'HR Operations', 'Married', 'Batak', 'D3', 'Sr. HR Officer \n', 'Female', 'Christian', '2013-08-01 00:00:00', 'Permanent'),
(1225, 'Employee Name 219', 'Cladtek', 'Production Operator', 'Permanent', 'Production', 'SHV', 'Married', 'Melayu', 'Senior High School', 'Production Operator - SHV', 'Male', 'Islam', '2013-08-01 00:00:00', 'Permanent'),
(1229, 'Employee Name 220', 'Cladtek', 'Production Operator', 'Permanent', 'Production', 'Spool Fab. Welder', 'Married', 'Palembang', 'Senior High School', 'Production Operator - Spool Fab. Welder', 'Male', 'Islam', '2013-08-01 00:00:00', 'Permanent'),
(1240, 'Employee Name 221', 'Cladtek', 'Production Foreman', 'Permanent', 'Production', 'Spool Fab. Welder', 'Married', 'Melayu', 'Senior High School', 'Production Foreman - Spool Fab. Welder', 'Male', 'Islam', '2013-08-05 00:00:00', 'Permanent'),
(1241, 'Employee Name 222', 'Cladtek', 'Production Operator', 'Permanent', 'Production', 'Spool Fab. Welder', 'Married', 'Aceh', NULL, 'Production Operator - Spool Fab. Welder', 'Male', 'Islam', '2013-08-05 00:00:00', 'Permanent'),
(1253, 'Employee Name 223', 'Cladtek', 'Store Manager', 'Permanent', 'Supply Chain Management', 'Store', 'Married', 'Batak', 'S1', 'Store Manager', 'Male', 'Christian', '2013-08-19 00:00:00', 'Permanent');
INSERT INTO `employee` (`Employee_Number`, `Name`, `Company`, `Designation`, `Employment_Status`, `Department`, `Section`, `Marital_Status`, `Ethnic`, `Highest_Educational_Level`, `Main_Position`, `Sex`, `Religion`, `Join_Date`, `Employment_Status_1`) VALUES
(1291, 'Employee Name 224', 'Cladtek', 'Store Keeper', 'Permanent', 'Supply Chain Management', 'Store', 'Single', 'Batak', 'Senior High School', 'Store Keeper 1', 'Male', 'Christian', '2013-08-27 00:00:00', 'Permanent'),
(1296, 'Employee Name 225', 'Cladtek', 'Planning Superintendent', 'Permanent', 'Project', 'Planning', 'Single', 'Melayu', 'Senior High School', 'Planning Superintendent', 'Female', 'Islam', '2013-09-23 00:00:00', 'Permanent'),
(1314, 'Employee Name 226', 'Cladtek', 'Production Operator', 'Permanent', 'Production', 'MLP', 'Single', 'Batak', 'Senior High School', 'Production Operator - MLP 1', 'Male', 'Christian', '2013-09-09 00:00:00', 'Permanent'),
(1315, 'Employee Name 227', 'Cladtek', 'Production Operator', 'Permanent', 'Production', 'MLP', 'Married', 'Batak', 'Senior High School', 'Production Operator - MLP 1', 'Male', 'Christian', '2013-09-09 00:00:00', 'Permanent'),
(1316, 'Employee Name 228', 'Cladtek', 'Store Keeper', 'Permanent', 'Supply Chain Management', 'Store', 'Single', 'Batak', 'Senior High School', 'Store Keeper 1', 'Male', 'Christian', '2013-09-09 00:00:00', 'Permanent'),
(1331, 'Employee Name 229', 'Cladtek', 'Production Operator', 'Permanent', 'Production', 'Machine Shop', 'Married', 'Sunda', 'Senior High School', 'Production Operator - Machine Shop', 'Male', 'Islam', '2013-09-09 00:00:00', 'Permanent'),
(1332, 'Employee Name 230', 'Cladtek', 'Production Operator', 'Permanent', 'Production', 'Machine Shop', 'Married', 'Minang', 'Senior High School', 'Production Operator - Machine Shop', 'Male', 'Islam', '2013-09-09 00:00:00', 'Permanent'),
(1337, 'Employee Name 231', 'Cladtek', 'Production Foreman', 'Permanent', 'Production', 'Material Movement', 'Married', 'Jawa', 'Senior High School', 'Production Foreman', 'Male', 'Islam', '2013-09-20 00:00:00', 'Permanent'),
(1339, 'Employee Name 232', 'Cladtek', 'Sr. QC Technician', 'Permanent', 'Quality Control', 'Quality Control', 'Married', 'Jawa', 'S1', 'Sr. NDE Technician 1', 'Male', 'Islam', '2013-09-23 00:00:00', 'Permanent'),
(1343, 'Employee Name 233', 'Cladtek', 'Production Operator', 'Permanent', 'Production', 'SHV', 'Married', 'Jawa', NULL, 'Production Operator - SHV', 'Male', 'Islam', '2013-09-24 00:00:00', 'Permanent'),
(1344, 'Employee Name 234', 'Cladtek', 'Production Operator', 'Permanent', 'Production', 'SHV', 'Married', 'Palembang', 'Senior High School', 'Production Operator - SHV', 'Male', 'Islam', '2013-09-25 00:00:00', 'Permanent'),
(1348, 'Employee Name 235', 'Cladtek', 'Production Operator', 'Permanent', 'Production', 'SHV', 'Single', 'Jawa', NULL, 'Production Operator - SHV', 'Male', 'Islam', '2013-09-25 00:00:00', 'Permanent'),
(1361, 'Employee Name 236', 'Cladtek', 'QC NDE Coordinator', 'Permanent', 'Quality Control', 'NDE', 'Married', 'Batak', 'Senior High School', 'NDE Supervisor', 'Male', 'Christian', '2013-10-02 00:00:00', 'Permanent'),
(1366, 'Employee Name 237', 'Cladtek', 'Sr. Document Controller', 'Permanent', 'Quality Control', 'QC Documentation', 'Married', 'Batak', NULL, 'Sr. QC Document Controller', 'Male', 'Islam', '2013-10-07 00:00:00', 'Permanent'),
(1375, 'Employee Name 238', 'Cladtek', 'Sr. QC Inspector', 'Permanent', 'Quality Control', 'Quality Control', 'Married', 'Jawa', 'Senior High School', 'Sr. QC Inspector 1', 'Male', 'Islam', '2013-10-11 00:00:00', 'Permanent'),
(1376, 'Employee Name 239', 'Cladtek', 'Fitter', 'Permanent', 'Production', 'Equipment & Build', 'Married', 'Melayu', 'Senior High School', 'Fitter - P&E', 'Male', 'Islam', '2013-10-11 00:00:00', 'Permanent'),
(1382, 'Employee Name 240', 'Cladtek', 'Production Operator', 'Permanent', 'Production', 'Manual Repair', 'Single', 'Jawa', 'Senior High School', 'Production Operator - Manual Repair', 'Male', 'Islam', '2013-10-11 00:00:00', 'Permanent'),
(1385, 'Employee Name 241', 'Cladtek', 'Production Operator', 'Permanent', 'Production', 'MLP', 'Single', 'Jawa', 'Senior High School', 'Production Operator - SHV', 'Male', 'Islam', '2013-10-16 00:00:00', 'Permanent'),
(1386, 'Employee Name 242', 'Cladtek', 'Production Operator', 'Permanent', 'Production', 'TH', 'Single', 'Jawa', NULL, 'Production Operator - TH', 'Male', 'Islam', '2013-10-16 00:00:00', 'Permanent'),
(1393, 'Employee Name 243', 'Cladtek', 'Sr. QC Technician', 'Permanent', 'Quality Control', 'NDE', 'Married', 'Batak', 'Senior High School', 'Sr. NDE Technician 2', 'Male', 'Christian', '2013-10-16 00:00:00', 'Permanent'),
(1408, 'Employee Name 244', 'Cladtek', 'Production Operator', 'Permanent', 'Production', 'Manual Repair', 'Married', 'Palembang', NULL, 'Production Operator - Manual Repair', 'Male', 'Islam', '2013-10-21 00:00:00', 'Permanent'),
(1409, 'Employee Name 245', 'Cladtek', 'Production Operator', 'Permanent', 'Production', 'TH', 'Married', 'Batak', 'Senior High School', 'Production Operator - TH', 'Male', 'Christian', '2013-10-18 00:00:00', 'Permanent'),
(1414, 'Employee Name 246', 'Cladtek', 'Production Operator', 'Permanent', 'Production', 'MLP', 'Single', 'Melayu', 'Senior High School', 'Production Operator - MLP 1', 'Male', 'Islam', '2013-10-28 00:00:00', 'Permanent'),
(1415, 'Employee Name 247', 'Cladtek', 'Production Operator', 'Permanent', 'Production', 'Spool Fab. Welder', 'Married', 'Melayu', 'Senior High School', 'Production Operator - Spool Fab. Welder', 'Male', 'Islam', '2013-10-28 00:00:00', 'Permanent'),
(1418, 'Employee Name 248', 'Cladtek', 'Production Foreman', 'Permanent', 'Production', 'Manual Repair', 'Married', 'Melayu', 'Senior High School', 'Manual Repair Foreman', 'Male', 'Islam', '2013-10-28 00:00:00', 'Permanent'),
(1420, 'Employee Name 249', 'Cladtek', 'Store Document Controller', 'Permanent', 'Supply Chain Management', 'Store', 'Married', 'Jawa', 'Senior High School', 'Store Document Controller', 'Female', 'Christian', '2013-10-30 00:00:00', 'Permanent'),
(1447, 'Employee Name 250', 'Cladtek', 'Production Operator', 'Permanent', 'Production', 'MLP', 'Married', 'Palembang', 'Senior High School', 'Production Operator - MLP 1', 'Male', 'Islam', '2013-11-11 00:00:00', 'Permanent'),
(1454, 'Employee Name 251', 'Cladtek', 'Production Operator', 'Permanent', 'Production', 'MLP', 'Married', 'Batak', 'Senior High School', 'Production Operator - MLP 1', 'Male', 'Christian', '2013-11-11 00:00:00', 'Permanent'),
(1461, 'Employee Name 252', 'Cladtek', 'Production Operator', 'Permanent', 'Production', 'MLP', 'Married', 'Batak', 'Vocational High School', 'Production Operator - MLP 1', 'Male', 'Christian', '2013-11-15 00:00:00', 'Permanent'),
(1464, 'Employee Name 253', 'Cladtek', 'Maintenance Supervisor', 'Permanent', 'Maintenance & Engineering', 'Maintenance', 'Default', 'Jawa', 'Senior High School', 'Maintenance Supervisor', 'Male', 'Default', '2013-11-18 00:00:00', 'Permanent'),
(1475, 'Employee Name 254', 'Cladtek', 'Facility Foreman', 'Permanent', 'Maintenance & Engineering', 'Facility Operations', 'Married', 'Batak', 'Vocational High School', 'Facility Foreman', 'Male', 'Christian', '2013-11-21 00:00:00', 'Permanent'),
(1477, 'Employee Name 255', 'Cladtek', 'PM Technician', 'Permanent', 'Maintenance & Engineering', 'Maintenance', 'Married', 'Jawa', 'Senior High School', 'Sr. Technician - Electric 1\n', 'Male', 'Islam', '2013-11-26 00:00:00', 'Permanent'),
(1478, 'Employee Name 256', 'Cladtek', 'Production Operator', 'Permanent', 'Production', 'Machine Shop', 'Married', 'Jawa', NULL, 'Production Operator - Machine Shop', 'Male', 'Islam', '2013-11-25 00:00:00', 'Permanent'),
(1480, 'Employee Name 257', 'Cladtek', 'Production Operator', 'Permanent', 'Production', 'Manual Repair', 'Married', 'Jawa', 'Senior High School', 'Production Operator - Manual Repair', 'Male', 'Islam', '2013-12-04 00:00:00', 'Permanent'),
(1483, 'Employee Name 258', 'Cladtek', 'Production Operator', 'Permanent', 'Production', 'MLP', 'Married', 'Melayu', 'Senior High School', 'Production Operator - MLP 1', 'Male', 'Islam', '2013-12-04 00:00:00', 'Permanent'),
(1495, 'Employee Name 259', 'Cladtek', 'Production Operator', 'Permanent', 'Production', 'Machine Shop', 'Married', 'Jawa', 'Senior High School', 'Production Operator - Machine Shop', 'Male', 'Islam', '2013-12-09 00:00:00', 'Permanent'),
(1499, 'Employee Name 260', 'Cladtek', 'Production Operator', 'Permanent', 'Production', 'SHV', 'Married', 'Palembang', NULL, 'Production Operator - SHV', 'Male', 'Islam', '2013-12-18 00:00:00', 'Permanent'),
(1502, 'Employee Name 261', 'Cladtek', 'Production Operator', 'Permanent', 'Production', 'Material Movement', 'Married', 'Batak', 'Senior High School', 'OHC Operator', 'Male', 'Islam', '2013-12-20 00:00:00', 'Permanent'),
(1513, 'Employee Name 262', 'Cladtek', 'Fitter', 'Permanent', 'Production', 'Equipment & Build', 'Single', 'Melayu', 'Senior High School', 'Fitter - P&E', 'Male', 'Islam', '2014-01-23 00:00:00', 'Permanent'),
(1518, 'Employee Name 263', 'Cladtek', 'Production Supervisor', 'Permanent', 'Production', 'Supervisor', 'Married', 'Palembang', 'Senior High School', 'Production Supervisor - MLP 1', 'Male', 'Islam', '2014-01-02 00:00:00', 'Permanent'),
(1526, 'Employee Name 264', 'Cladtek', 'Fitter', 'Permanent', 'Production', 'Equipment & Build', 'Married', 'Palembang', 'Senior High School', 'Fitter - P&E', 'Male', 'Islam', '2014-03-05 00:00:00', 'Permanent'),
(1527, 'Employee Name 265', 'Cladtek', 'Logistic Coordinator', 'Permanent', 'Supply Chain Management', 'Logistics', 'Married', 'Batak', 'Senior High School', 'Logistic Coordinator', 'Female', 'Christian', '2014-03-10 00:00:00', 'Permanent'),
(1529, 'Employee Name 266', 'Cladtek', 'Production Operator', 'Permanent', 'Production', 'Machine Shop', 'Default', 'Jawa', 'Senior High School', 'Production Operator - Machine Shop', 'Male', 'Default', '2014-03-19 00:00:00', 'Permanent'),
(1532, 'Employee Name 267', 'Cladtek', 'Project Engineer', 'Permanent', 'Project', 'Project', 'Married', 'Aceh', 'S1', 'Project Engineer 1', 'Female', 'Islam', '2014-04-07 00:00:00', 'Permanent'),
(1537, 'Employee Name 268', 'Cladtek', 'Radiation Safety Officer (RSO)', 'Permanent', 'Quality Control', 'Quality Control', 'Married', 'Jawa', 'Senior High School', 'NDE Radiation Safety Officer (RSO)\n', 'Female', 'Islam', '2014-05-02 00:00:00', 'Permanent'),
(1541, 'Employee Name 269', 'Cladtek', 'Sr. QC Inspector', 'Permanent', 'Quality Control', 'Quality Control', 'Married', 'Minang', 'S1', 'Sr. QC Inspector 2', 'Male', 'Islam', '2014-05-22 00:00:00', 'Permanent'),
(1549, 'Employee Name 270', 'Cladtek', 'Production Foreman', 'Permanent', 'Production', 'MLP', 'Single', 'Batak', 'Senior High School', 'Production Foreman - MLP 1', 'Male', 'Christian', '2014-06-17 00:00:00', 'Permanent'),
(1550, 'Employee Name 271', 'Cladtek', 'Production Operator', 'Permanent', 'Production', 'MLP', 'Married', 'Jawa', 'Senior High School', 'Production Operator - MLP 1', 'Male', 'Islam', '2014-06-17 00:00:00', 'Permanent'),
(1553, 'Employee Name 272', 'Cladtek', 'Sr. Design Engineer', 'Permanent', 'Technical', 'Design', 'Single', 'Jawa', 'S1', 'Sr. Design Engineer 1', 'Male', 'Islam', '2014-06-30 00:00:00', 'Permanent'),
(1558, 'Employee Name 273', 'Cladtek', 'Sr. QC Engineer', 'Permanent', 'Quality Control', 'Quality Control', 'Married', 'Minang', 'S1', 'Sr. QC Engineer', 'Male', 'Islam', '2014-07-03 00:00:00', 'Permanent'),
(1560, 'Employee Name 274', 'Cladtek', 'NDT Superintendent', 'Permanent', 'Quality Control', 'NDE', 'Married', 'Batak', 'D3', 'NDT Superintendent', 'Male', 'Christian', '2014-07-11 00:00:00', 'Permanent'),
(1563, 'Employee Name 275', 'Cladtek', 'Sr. QC Technician', 'Permanent', 'Quality Control', 'Quality Control', 'Married', 'Flores', 'Senior High School', 'Sr. NDE Technician 1', 'Male', 'Catholic', '2014-07-21 00:00:00', 'Permanent'),
(1567, 'Employee Name 276', 'Cladtek', 'Production Operator', 'Permanent', 'Production', 'MLP', 'Married', 'Batak', 'Senior High School', 'Production Operator - MLP 1', 'Male', 'Christian', '2014-08-04 00:00:00', 'Permanent'),
(1571, 'Employee Name 277', 'Cladtek', 'Production Operator', 'Permanent', 'Production', 'Material Movement', 'Single', 'Buton', 'Senior High School', 'OHC Operator', 'Male', 'Islam', '2014-08-18 00:00:00', 'Permanent'),
(1573, 'Employee Name 278', 'Cladtek', 'Production Foreman', 'Permanent', 'Production', 'Spool Fab. Welder', 'Married', 'Melayu', 'Senior High School', 'Production Foreman - Spool Fab. Welder', 'Male', 'Islam', '2014-08-18 00:00:00', 'Permanent'),
(1575, 'Employee Name 279', 'Cladtek', 'Assistant Project Manager', 'Permanent', 'Project', NULL, 'Married', 'Batak', 'S1', 'Assistant Project Manager', 'Male', 'Islam', '2014-09-01 00:00:00', 'Permanent'),
(1576, 'Employee Name 280', 'Cladtek', 'Production Operator', 'Permanent', 'Production', 'Manual Repair', 'Married', 'Flores', 'Elementary School', 'Production Operator - Manual Repair', 'Male', 'Islam', '2014-09-05 00:00:00', 'Permanent'),
(1585, 'Employee Name 281', 'Cladtek', 'Production Operator', 'Permanent', 'Production', 'MLP', 'Married', 'Maluku', 'Senior High School', 'Production Operator - MLP 1', 'Male', 'Islam', '2014-09-15 00:00:00', 'Permanent'),
(1587, 'Employee Name 282', 'Cladtek', 'NDT Supervisor', 'Permanent', 'Quality Control', 'NDE', 'Married', 'Batak', 'Senior High School', 'Sr. NDE Supervisor', 'Male', 'Christian', '2014-09-15 00:00:00', 'Permanent'),
(1599, 'Employee Name 283', 'Cladtek', 'Document Controller', 'Permanent', 'Quality Control', 'QC Documentation', 'Married', 'Toraja', 'Senior High School', 'QC Document Controller 8', 'Female', 'Christian', '2014-09-22 00:00:00', 'Permanent'),
(1601, 'Employee Name 284', 'Cladtek', 'QC Inspector', 'Permanent', 'Quality Control', 'Quality Control', 'Married', 'Jawa', 'Senior High School', 'QC Inspector 2', 'Male', 'Islam', '2014-09-29 00:00:00', 'Permanent'),
(1602, 'Employee Name 285', 'Cladtek', 'Maintenance Supervisor', 'Permanent', 'Maintenance & Engineering', 'Maintenance', 'Single', 'Minang', 'Senior High School', 'Maintenance Supervisor', 'Male', 'Islam', '2014-09-29 00:00:00', 'Permanent'),
(1606, 'Employee Name 286', 'Cladtek', 'Production Operator', 'Permanent', 'Production', 'MLP', 'Married', 'Batak', 'Senior High School', 'Production Operator - MLP 1', 'Male', 'Christian', '2014-10-01 00:00:00', 'Permanent'),
(1614, 'Employee Name 287', 'Cladtek', 'Radiation Protection Officer (RPO)', 'Permanent', 'Quality Control', 'Quality Control', 'Married', 'Palembang', 'Senior High School', 'NDE Radiation Protection Officer (RPO)\n', 'Male', 'Islam', '2014-10-06 00:00:00', 'Permanent'),
(1619, 'Employee Name 288', 'Cladtek', 'R & D Technician', 'Permanent', 'Maintenance & Engineering', 'Engineering', 'Single', 'Minang', 'Senior High School', 'Technician - Mechanic\n', 'Male', 'Islam', '2014-10-08 00:00:00', 'Permanent'),
(1620, 'Employee Name 289', 'Cladtek', 'Production Operator', 'Permanent', 'Production', 'Manual Repair', 'Married', 'Jawa', 'Senior High School', 'Production Operator - Manual Repair', 'Male', 'Islam', '2014-10-08 00:00:00', 'Permanent'),
(1622, 'Employee Name 290', 'Cladtek', 'Production Operator', 'Permanent', 'Production', 'SHV', 'Married', 'Jawa', 'Senior High School', 'Production Operator - SHV', 'Male', 'Islam', '2014-10-10 00:00:00', 'Permanent'),
(1624, 'Employee Name 291', 'Cladtek', 'Production Operator', 'Permanent', 'Production', 'MLP', 'Married', 'Minang', 'Senior High School', 'Production Operator - MLP 1', 'Male', 'Islam', '2014-10-10 00:00:00', 'Permanent'),
(1625, 'Employee Name 292', 'Cladtek', 'Production Operator', 'Permanent', 'Production', 'SHV', 'Married', 'Minang', 'Senior High School', 'Production Operator - SHV', 'Male', 'Islam', '2014-10-10 00:00:00', 'Permanent'),
(1628, 'Employee Name 293', 'Cladtek', 'Production Operator', 'Permanent', 'Production', 'QH', 'Married', 'Melayu', 'Senior High School', 'Production Operator - QH', 'Male', 'Islam', '2014-10-10 00:00:00', 'Permanent'),
(1629, 'Employee Name 294', 'Cladtek', 'Production Operator', 'Permanent', 'Production', 'QH', 'Married', 'Jawa', 'Senior High School', 'Production Operator - QH', 'Male', 'Islam', '2014-10-10 00:00:00', 'Permanent'),
(1630, 'Employee Name 295', 'Cladtek', 'Production Operator', 'Permanent', 'Production', 'QH', 'Married', 'Batak', 'Senior High School', 'Production Operator - QH', 'Male', 'Christian', '2014-10-10 00:00:00', 'Permanent'),
(1631, 'Employee Name 296', 'Cladtek', 'Production Operator', 'Permanent', 'Production', 'QH', 'Single', 'Jawa', 'Senior High School', 'Production Operator - QH', 'Male', 'Islam', '2014-10-10 00:00:00', 'Permanent'),
(1632, 'Employee Name 297', 'Cladtek', 'Production Operator', 'Permanent', 'Production', 'MLP', 'Married', 'Minang', 'Senior High School', 'Production Operator - MLP 1', 'Male', 'Islam', '2014-10-10 00:00:00', 'Permanent'),
(1633, 'Employee Name 298', 'Cladtek', 'Production Operator', 'Permanent', 'Production', 'TH', 'Single', 'Madura', 'Senior High School', 'Production Operator - TH', 'Male', 'Islam', '2014-10-10 00:00:00', 'Permanent'),
(1634, 'Employee Name 299', 'Cladtek', 'Production Operator', 'Permanent', 'Production', 'MLP', 'Married', 'Melayu', 'Senior High School', 'Production Operator - MLP 1', 'Male', 'Islam', '2014-10-10 00:00:00', 'Permanent'),
(1639, 'Employee Name 300', 'Cladtek', 'Sr. QC Engineer', 'Permanent', 'Quality Control', 'Quality Control', 'Married', 'Minang', 'Senior High School', 'Sr. QC Engineer', 'Male', 'Islam', '2014-10-13 00:00:00', 'Permanent'),
(1641, 'Employee Name 301', 'Cladtek', 'Production Operator', 'Permanent', 'Production', 'QH', 'Single', 'Sunda', 'Senior High School', 'Production Foreman - QH', 'Male', 'Islam', '2014-10-17 00:00:00', 'Permanent'),
(1642, 'Employee Name 302', 'Cladtek', 'Production Operator', 'Permanent', 'Production', 'SHV', 'Single', 'Jawa', NULL, 'Production Operator - SHV', 'Male', 'Islam', '2014-10-17 00:00:00', 'Permanent'),
(1646, 'Employee Name 303', 'Cladtek', 'Production Operator', 'Permanent', 'Production', 'QH', 'Married', 'Jawa', 'Senior High School', 'Production Operator - QH', 'Male', 'Islam', '2014-10-17 00:00:00', 'Permanent'),
(1647, 'Employee Name 304', 'Cladtek', 'Production Operator', 'Permanent', 'Production', 'QH', 'Single', 'Jawa', 'Senior High School', 'Production Operator - QH', 'Male', 'Islam', '2014-10-17 00:00:00', 'Permanent'),
(1649, 'Employee Name 305', 'Cladtek', 'Production Operator', 'Permanent', 'Production', 'QH', 'Married', 'Minang', 'Senior High School', 'Production Operator - QH', 'Male', 'Islam', '2014-10-17 00:00:00', 'Permanent'),
(1654, 'Employee Name 306', 'Cladtek', 'Production Operator', 'Permanent', 'Production', 'QH', 'Married', 'Batak', 'Senior High School', 'Production Operator - QH', 'Male', 'Islam', '2014-10-17 00:00:00', 'Permanent'),
(1656, 'Employee Name 307', 'Cladtek', 'Production Operator', 'Permanent', 'Production', 'Spool Fab. Welder', 'Married', 'Jawa', 'Senior High School', 'Production Operator - Spool Fab. Welder', 'Male', 'Islam', '2014-10-17 00:00:00', 'Permanent'),
(1660, 'Employee Name 308', 'Cladtek', 'Induction Bend Project Engineer', 'Permanent', 'Project', 'Induction Bend Project', 'Married', 'Minang', 'Senior High School', 'Induction Bend Project Engineer', 'Male', 'Islam', '2014-10-20 00:00:00', 'Permanent'),
(1664, 'Employee Name 309', 'Cladtek', 'Sr. QC Technician', 'Permanent', 'Quality Control', 'Quality Control', 'Married', 'Jawa', 'Senior High School', 'Sr. QC Technician 1', 'Male', 'Islam', '2014-10-20 00:00:00', 'Permanent'),
(1669, 'Employee Name 310', 'Cladtek', 'Production Operator', 'Permanent', 'Production', 'MLP', 'Single', 'Minang', 'Senior High School', 'Production Operator - MLP 1', 'Male', 'Islam', '2014-10-20 00:00:00', 'Permanent'),
(1670, 'Employee Name 311', 'Cladtek', 'Production Operator', 'Permanent', 'Production', 'Bending & HT', 'Single', 'Batak', 'Senior High School', 'Production Operator - Bending & HT', 'Male', 'Islam', '2014-10-20 00:00:00', 'Permanent'),
(1671, 'Employee Name 312', 'Cladtek', 'Production Operator', 'Permanent', 'Production', 'QH', 'Married', 'Batak', 'Vocational High School', 'Production Operator - QH', 'Male', 'Christian', '2014-10-20 00:00:00', 'Permanent'),
(1672, 'Employee Name 313', 'Cladtek', 'Production Operator', 'Permanent', 'Production', 'QH', 'Single', 'Minang', 'Senior High School', 'Production Operator - QH', 'Male', 'Islam', '2014-10-20 00:00:00', 'Permanent'),
(1675, 'Employee Name 314', 'Cladtek', 'Production Foreman', 'Permanent', 'Production', 'SHV', 'Single', 'Sunda', 'Senior High School', 'Production Foreman - SHV', 'Male', 'Islam', '2014-10-20 00:00:00', 'Permanent'),
(1686, 'Employee Name 315', 'Cladtek', 'Production Operator', 'Permanent', 'Production', 'TH', 'Married', 'Jawa', 'Senior High School', 'Production Operator - TH', 'Male', 'Islam', '2014-10-23 00:00:00', 'Permanent'),
(1687, 'Employee Name 316', 'Cladtek', 'Production Operator', 'Permanent', 'Production', 'QH', 'Single', 'Jawa', 'Senior High School', 'Production Operator - QH', 'Male', 'Islam', '2014-10-23 00:00:00', 'Permanent'),
(1688, 'Employee Name 317', 'Cladtek', 'Production Operator', 'Permanent', 'Production', 'TH', 'Married', 'Lampung', 'Senior High School', 'Production Operator - TH', 'Male', 'Islam', '2014-10-23 00:00:00', 'Permanent'),
(1689, 'Employee Name 318', 'Cladtek', 'Production Operator', 'Permanent', 'Production', 'MLP', 'Married', 'Batak', 'Senior High School', 'Production Operator - MLP 1', 'Male', 'Christian', '2014-10-23 00:00:00', 'Permanent'),
(1691, 'Employee Name 319', 'Cladtek', 'Production Operator', 'Permanent', 'Production', 'SHV', 'Married', 'Jawa', 'Senior High School', 'Production Operator - SHV', 'Male', 'Islam', '2014-10-23 00:00:00', 'Permanent'),
(1692, 'Employee Name 320', 'Cladtek', 'Production Foreman', 'Permanent', 'Production', 'TH', 'Married', 'Jawa', 'Senior High School', 'Production Foreman - TH', 'Male', 'Islam', '2014-10-23 00:00:00', 'Permanent'),
(1693, 'Employee Name 321', 'Cladtek', 'Production Operator', 'Permanent', 'Production', 'SHV', 'Single', 'Flores', NULL, 'Production Operator - SHV', 'Male', 'Christian', '2014-10-23 00:00:00', 'Permanent'),
(1701, 'Employee Name 322', 'Cladtek', 'Document Controller', 'Permanent', 'Quality Control', 'QC Documentation', 'Single', 'Batak', 'Senior High School', 'QC Document Controller 2', 'Female', 'Christian', '2014-10-27 00:00:00', 'Permanent'),
(1702, 'Employee Name 323', 'Cladtek', 'Sr. QC Inspector', 'Permanent', 'Quality Control', 'Quality Control', 'Single', 'Batak', 'Senior High School', 'Sr. QC Inspector 1', 'Male', 'Christian', '2014-10-27 00:00:00', 'Permanent'),
(1704, 'Employee Name 324', 'Cladtek', 'Production Operator', 'Permanent', 'Production', 'QH', 'Single', 'Jawa', 'Senior High School', 'Production Operator - QH', 'Male', 'Islam', '2014-10-27 00:00:00', 'Permanent'),
(1705, 'Employee Name 325', 'Cladtek', 'Production Operator', 'Permanent', 'Production', 'SHV', 'Married', 'Nias', NULL, 'Production Operator - SHV', 'Male', 'Islam', '2014-10-27 00:00:00', 'Permanent'),
(1715, 'Employee Name 326', 'Cladtek', 'Production Operator', 'Permanent', 'Production', 'MLP', 'Married', 'Aceh', 'Senior High School', 'Production Operator - MLP 1', 'Male', 'Islam', '2014-11-07 00:00:00', 'Permanent'),
(1717, 'Employee Name 327', 'Cladtek', 'Production Operator', 'Permanent', 'Production', 'QH', 'Married', 'Minang', 'Senior High School', 'Production Operator - QH', 'Male', 'Islam', '2014-11-07 00:00:00', 'Permanent'),
(1718, 'Employee Name 328', 'Cladtek', 'Production Operator', 'Permanent', 'Production', 'MLP', 'Married', 'Batak', 'Senior High School', 'Production Operator - MLP 1', 'Male', 'Christian', '2014-11-07 00:00:00', 'Permanent'),
(1721, 'Employee Name 329', 'Cladtek', 'Production Operator', 'Permanent', 'Production', 'SHV', 'Single', 'Minang', 'Senior High School', 'Production Operator - SHV', 'Male', 'Islam', '2014-11-07 00:00:00', 'Permanent'),
(1722, 'Employee Name 330', 'Cladtek', 'Production Operator', 'Permanent', 'Production', 'SHV', 'Married', 'Batak', 'Senior High School', 'Production Operator - SHV', 'Male', 'Christian', '2014-11-07 00:00:00', 'Permanent'),
(1726, 'Employee Name 331', 'Cladtek', 'Production Operator', 'Permanent', 'Production', 'QH', 'Married', 'Batak', 'Senior High School', 'Production Operator - QH', 'Male', 'Christian', '2014-11-07 00:00:00', 'Permanent'),
(1741, 'Employee Name 332', 'Cladtek', 'Production Foreman', 'Permanent', 'Production', 'Bending & HT', 'Married', 'Palembang', 'Junior High School', 'Production Foreman - Bending & HT', 'Male', 'Islam', '2014-11-14 00:00:00', 'Permanent'),
(1743, 'Employee Name 333', 'Cladtek', 'Production Operator', 'Permanent', 'Production', 'Liner', 'Single', 'Jawa', 'Senior High School', 'Production Operator - MLP 1', 'Male', 'Islam', '2014-11-14 00:00:00', 'Permanent'),
(1744, 'Employee Name 334', 'Cladtek', 'Production Operator', 'Permanent', 'Production', 'SHV', 'Married', 'Jawa', 'Senior High School', 'Production Operator - SHV', 'Male', 'Islam', '2014-11-14 00:00:00', 'Permanent'),
(1745, 'Employee Name 335', 'Cladtek', 'Production Operator', 'Permanent', 'Production', 'Liner', 'Married', 'Palembang', 'Senior High School', 'Production Operator - MLP 2', 'Male', 'Islam', '2014-11-14 00:00:00', 'Permanent'),
(1748, 'Employee Name 336', 'Cladtek', 'Production Operator', 'Permanent', 'Production', 'QH', 'Single', 'Minang', 'Senior High School', 'Production Operator - QH', 'Male', 'Islam', '2014-11-14 00:00:00', 'Permanent'),
(1752, 'Employee Name 337', 'Cladtek', 'Sr. QC Technician', 'Permanent', 'Quality Control', 'Quality Control', 'Married', 'Batak', 'Senior High School', 'Sr. NDE Technician 1', 'Male', 'Christian', '2014-11-14 00:00:00', 'Permanent'),
(1754, 'Employee Name 338', 'Cladtek', 'QC Inspector', 'Permanent', 'Quality Control', 'NDE', 'Married', 'Batak', 'Senior High School', 'QC Inspector 1', 'Male', 'Christian', '2014-11-14 00:00:00', 'Permanent'),
(1757, 'Employee Name 339', 'Cladtek', 'Sr. NDE Technician', 'Permanent', 'Quality Control', 'NDE', 'Default', 'Jawa', 'Senior High School', 'Sr. NDE Technician 2', 'Male', 'Islam', '2014-11-14 00:00:00', 'Permanent'),
(1758, 'Employee Name 340', 'Cladtek', 'Sr. QC Technician', 'Permanent', 'Quality Control', 'Quality Control', 'Married', 'Minang', 'Senior High School', 'Sr. QC Technician 1', 'Male', 'Islam', '2014-11-14 00:00:00', 'Permanent'),
(1763, 'Employee Name 341', 'Cladtek', 'Production Operator', 'Permanent', 'Production', 'Machine Shop', 'Married', 'Minang', 'Senior High School', 'Production Operator - Machine Shop', 'Male', 'Islam', '2014-11-21 00:00:00', 'Permanent'),
(1764, 'Employee Name 342', 'Cladtek', 'Production Operator', 'Permanent', 'Production', 'Manual Repair', 'Single', 'Melayu', 'Senior High School', 'Production Operator - Manual Repair', 'Male', 'Islam', '2014-11-21 00:00:00', 'Permanent'),
(1765, 'Employee Name 343', 'Cladtek', 'QC Engineer', 'Permanent', 'Quality Control', 'Quality Control', 'Married', 'Minang', 'Senior High School', 'QC Engineer', 'Male', 'Islam', '2014-11-28 00:00:00', 'Permanent'),
(1778, 'Employee Name 344', 'Cladtek', 'Sr. NDE Technician', 'Permanent', 'Quality Control', 'NDE', 'Married', 'Jawa', NULL, 'Sr. NDE Technician 2', 'Male', 'Islam', '2014-12-11 00:00:00', 'Permanent'),
(1788, 'Employee Name 345', 'Cladtek', 'Production Foreman', 'Permanent', 'Production', 'Spool Fab. Fitter', 'Married', 'Jawa', NULL, 'Production Foreman - Spool Fab. Fitter', 'Male', 'Islam', '2016-04-08 00:00:00', 'Permanent'),
(1789, 'Employee Name 346', 'Cladtek', 'Production Operator', 'Permanent', 'Production', 'QH', 'Single', 'Jawa', NULL, 'Production Operator - QH', 'Male', 'Islam', '2014-12-22 00:00:00', 'Permanent'),
(1791, 'Employee Name 347', 'Cladtek', 'Production Operator', 'Permanent', 'Production', 'SHV', 'Married', 'Melayu', NULL, 'Production Operator - SHV', 'Male', 'Islam', '2014-12-22 00:00:00', 'Permanent'),
(1792, 'Employee Name 348', 'Cladtek', 'Production Operator', 'Permanent', 'Production', 'SHV', 'Single', 'Minang', NULL, 'Production Operator - SHV', 'Male', 'Islam', '2014-12-21 00:00:00', 'Permanent'),
(1794, 'Employee Name 349', 'Cladtek', 'Production Operator', 'Permanent', 'Production', 'MLP', 'Single', 'Banjar', NULL, 'Production Operator - MLP 1', 'Male', 'Islam', '2014-12-22 00:00:00', 'Permanent'),
(1795, 'Employee Name 350', 'Cladtek', 'Production Operator', 'Permanent', 'Production', 'QH', 'Married', 'Minang', NULL, 'Production Operator - QH', 'Male', 'Islam', '2014-12-22 00:00:00', 'Permanent'),
(1799, 'Employee Name 351', 'Cladtek', 'Production Operator', 'Permanent', 'Production', 'QH', 'Single', 'Jawa', NULL, 'Production Operator - QH', 'Male', 'Islam', '2014-12-22 00:00:00', 'Permanent'),
(1805, 'Employee Name 352', 'Cladtek', 'Production Operator', 'Permanent', 'Production', 'Liner', 'Married', 'Minang', 'Senior High School', 'Production Operator - MLP 1', 'Male', 'Islam', '2014-12-29 00:00:00', 'Permanent'),
(1806, 'Employee Name 353', 'Cladtek', 'Production Operator', 'Permanent', 'Production', 'TH', 'Single', 'Melayu', 'Senior High School', 'Production Operator - TH', 'Male', 'Islam', '2014-12-29 00:00:00', 'Permanent'),
(1814, 'Employee Name 354', 'Cladtek', 'Production Operator', 'Permanent', 'Production', 'QH', 'Married', 'Melayu', 'Senior High School', 'Production Operator - QH', 'Male', 'Islam', '2015-01-06 00:00:00', 'Permanent'),
(1816, 'Employee Name 355', 'Cladtek', 'Production Operator', 'Permanent', 'Production', 'SHV', 'Married', 'Melayu', 'Senior High School', 'Production Operator - SHV', 'Male', 'Islam', '2015-01-06 00:00:00', 'Permanent'),
(1817, 'Employee Name 356', 'Cladtek', 'Production Operator', 'Permanent', 'Production', 'QH', 'Married', 'Batak', 'Senior High School', 'Production Operator - QH', 'Male', 'Islam', '2015-01-06 00:00:00', 'Permanent'),
(1821, 'Employee Name 357', 'Cladtek', 'Production Operator', 'Permanent', 'Production', 'MLP', 'Single', 'Batak', 'Senior High School', 'Production Operator - MLP 1', 'Male', 'Christian', '2015-01-06 00:00:00', 'Permanent'),
(1830, 'Employee Name 358', 'Cladtek', 'Sr. NDT Supervisor', 'Permanent', 'Quality Control', 'NDE', 'Married', 'Melayu', 'Senior High School', 'Sr. NDE Technician 1', 'Male', 'Islam', '2015-01-12 00:00:00', 'Permanent'),
(1831, 'Employee Name 359', 'Cladtek', 'Production Operator', 'Permanent', 'Production', 'MLP', 'Single', 'Melayu', 'Senior High School', 'Production Operator - MLP 1', 'Male', 'Islam', '2015-01-12 00:00:00', 'Permanent'),
(1838, 'Employee Name 360', 'Cladtek', 'PM Foreman', 'Permanent', 'Maintenance & Engineering', 'Maintenance', 'Married', 'Minang', 'Senior High School', 'Maintenance Foreman 1\n', 'Male', 'Islam', '2015-01-16 00:00:00', 'Permanent'),
(1849, 'Employee Name 361', 'Cladtek', 'Production Operator', 'Permanent', 'Production', 'TH', 'Married', 'Jawa', 'Senior High School', 'Production Operator - TH', 'Male', 'Islam', '2015-01-25 00:00:00', 'Permanent'),
(1855, 'Employee Name 362', 'Cladtek', 'Production Operator', 'Permanent', 'Production', 'TH', 'Single', 'Jawa', 'Senior High School', 'Production Operator - TH', 'Male', 'Islam', '2015-01-26 00:00:00', 'Permanent'),
(1871, 'Employee Name 363', 'Cladtek', 'Technician - Mechanic', 'Permanent', 'Maintenance & Engineering', 'Maintenance', 'Single', 'Jawa', 'Senior High School', 'Technician - Mechanic 2', 'Male', 'Islam', '2015-02-23 00:00:00', 'Permanent'),
(1884, 'Employee Name 364', 'Cladtek', 'Production Operator', 'Permanent', 'Production', 'Manual Repair', 'Married', 'Melayu', 'Senior High School', 'Production Operator - Manual Repair', 'Male', 'Islam', '2015-03-16 00:00:00', 'Permanent'),
(1885, 'Employee Name 365', 'Cladtek', 'Production Operator', 'Permanent', 'Production', 'Manual Repair', 'Married', 'Jawa', NULL, 'Production Operator - Manual Repair', 'Male', 'Islam', '2015-03-16 00:00:00', 'Permanent'),
(1902, 'Employee Name 366', 'Cladtek', 'Payroll Officer', 'Permanent', 'Finance & Accounting', 'Finance', 'Married', 'Minang', 'S1', 'Payroll Officer', 'Female', 'Islam', '2015-03-27 00:00:00', 'Permanent'),
(1909, 'Employee Name 367', 'Cladtek', 'NDT Supervisor', 'Permanent', 'Quality Control', 'NDE', 'Married', 'Batak', 'Senior High School', 'NDE Supervisor 3\n', 'Male', 'Christian', '2015-04-17 00:00:00', 'Permanent'),
(1911, 'Employee Name 368', 'Cladtek', 'HSE Officer', 'Permanent', 'Health, Safety, & Environment', 'HSE', 'Married', 'Batak', 'Senior High School', 'HSE Officer', 'Male', 'Christian', '2015-05-04 00:00:00', 'Permanent'),
(1912, 'Employee Name 369', 'Cladtek', 'Facility Operations Superintendent', 'Permanent', 'Maintenance & Engineering', 'Facility Operations', 'Married', 'Melayu', 'S1', 'Facility Operations Superintendent\n', 'Male', 'Islam', '2015-05-21 00:00:00', 'Permanent'),
(1919, 'Employee Name 370', 'Cladtek', 'Production Operator', 'Permanent', 'Production', 'Machine Shop', 'Married', 'Sunda', 'Senior High School', 'Production Operator - Machine Shop', 'Male', 'Islam', '2015-05-25 00:00:00', 'Permanent'),
(1920, 'Employee Name 371', 'Cladtek', 'Production Operator', 'Permanent', 'Production', 'Machine Shop', 'Married', 'Minang', 'Senior High School', 'Production Operator - Machine Shop', 'Male', 'Islam', '2015-05-25 00:00:00', 'Permanent'),
(1921, 'Employee Name 372', 'Cladtek', 'Production Operator', 'Permanent', 'Production', 'Machine Shop', 'Married', 'Palembang', 'Senior High School', 'Production Operator - Machine Shop', 'Male', 'Islam', '2015-05-29 00:00:00', 'Permanent'),
(1923, 'Employee Name 373', 'Cladtek', 'PM Foreman', 'Permanent', 'Maintenance & Engineering', 'Maintenance', 'Married', 'Jawa', 'Senior High School', 'Maintenance Foreman 2', 'Male', 'Islam', '2015-05-29 00:00:00', 'Permanent'),
(1927, 'Employee Name 374', 'Cladtek', 'Production Operator', 'Permanent', 'Production', 'Machine Shop', 'Married', 'Minang', 'Senior High School', 'Production Operator - Machine Shop', 'Male', 'Islam', '2015-06-25 00:00:00', 'Permanent'),
(1932, 'Employee Name 375', 'Cladtek', 'Production Manager', 'Permanent', 'Production', 'Manager', 'Default', 'Expat', NULL, 'Production Manager', 'Male', 'Default', '2015-09-01 00:00:00', 'Expatriate'),
(1938, 'Employee Name 376', 'Cladtek', 'Purchasing Officer', 'Permanent', 'Supply Chain Management', 'Purchasing', 'Married', 'Minang', 'S1', 'Purchasing Officer', 'Female', 'Islam', '2015-08-20 00:00:00', 'Permanent'),
(1941, 'Employee Name 377', 'Cladtek', 'Sr. Welding Engineer', 'Permanent', 'Technical', 'Welding', 'Married', 'Jawa', 'S1', 'Sr. Welding Engineer\n', 'Male', 'Islam', '2015-08-31 00:00:00', 'Permanent'),
(1943, 'Employee Name 378', 'Cladtek', 'Production Automation Manager', 'Permanent', 'Production Automation', 'Manager', 'Married', 'Melayu', 'S1', 'Production Automation Manager', 'Male', 'Islam', '2015-09-01 00:00:00', 'Permanent'),
(1945, 'Employee Name 379', 'Cladtek', 'Sr. Maintenance Foreman', 'Permanent', 'Maintenance & Engineering', 'Maintenance', 'Married', 'Batak', 'Senior High School', 'Sr. Maintenance Foreman 2\n', 'Male', 'Christian', '2015-09-11 00:00:00', 'Permanent'),
(1951, 'Employee Name 380', 'Cladtek', 'General Affair Coordinator', 'Permanent', 'Human Resources', 'General Affair', 'Single', 'Jawa', 'S1', 'General Affair Coordinator\n', 'Female', 'Islam', '2015-10-05 00:00:00', 'Permanent'),
(1955, 'Employee Name 381', 'Cladtek', 'Store Keeper', 'Permanent', 'Supply Chain Management', 'Store', 'Married', 'Batak', 'Senior High School', 'Store Keeper 2', 'Male', 'Christian', '2015-10-12 00:00:00', 'Permanent'),
(1956, 'Employee Name 382', 'Cladtek', 'Store Supervisor', 'Permanent', 'Supply Chain Management', 'Material', 'Single', 'Batak', 'D3', 'Store Supervisor 2', 'Male', 'Christian', '2015-10-12 00:00:00', 'Permanent'),
(1961, 'Employee Name 383', 'Cladtek', 'Shipment Supervisor', 'Permanent', 'Production', 'Supervisor', 'Married', 'Jawa', 'D3', 'Shipment Supervisor', 'Male', 'Islam', '2015-11-12 00:00:00', 'Permanent'),
(1965, 'Employee Name 384', 'Cladtek', 'Project Manager', 'Permanent', 'Project', 'Manager', 'Single', 'Batak', 'S1', 'Project Manager 5', 'Female', 'Christian', '2015-11-23 00:00:00', 'Permanent'),
(1971, 'Employee Name 385', 'Cladtek', 'Engineering Administration Superintendent', 'Permanent', 'Process Improvement', 'Process', 'Married', 'Aceh', 'S1', 'Design Superitendent\n', 'Male', 'Islam', '2015-12-01 00:00:00', 'Permanent'),
(1976, 'Employee Name 386', 'Cladtek', 'Sr. Project Engineer', 'Permanent', 'Project', 'Project', 'Married', 'Jawa', 'S1', 'Sr. Project Engineer 2\n', 'Male', 'Islam', '2015-12-28 00:00:00', 'Permanent'),
(1978, 'Employee Name 387', 'Cladtek', 'Production Operator', 'Permanent', 'Production', 'Material Movement', 'Married', 'Jawa', 'Senior High School', 'Forklift Operator', 'Male', 'Islam', '2015-12-21 00:00:00', 'Permanent'),
(1980, 'Employee Name 388', 'Cladtek', 'Technician - Electric', 'Permanent', 'Maintenance & Engineering', 'Maintenance', 'Married', 'Jawa', 'Senior High School', 'Technician - Electric 1', 'Male', 'Islam', '2015-12-28 00:00:00', 'Permanent'),
(1981, 'Employee Name 389', 'Cladtek', 'Document Controller', 'Permanent', 'Quality Control', 'QC Documentation', 'Single', 'Batak', 'D4', 'QC Document Controller', 'Female', 'Christian', '2015-12-28 00:00:00', 'Permanent'),
(1989, 'Employee Name 390', 'Cladtek', 'Production Operator', 'Permanent', 'Production', 'Machine Shop', 'Married', 'Minang', 'Senior High School', 'Production Operator - Machine Shop', 'Male', 'Islam', '2016-01-11 00:00:00', 'Permanent'),
(1996, 'Employee Name 391', 'Cladtek', 'Production Operator', 'Permanent', 'Production', 'Packing & Carpentry', 'Married', 'Minang', 'Senior High School', 'Production Operator - Packing & Carpentry', 'Male', 'Islam', '2016-01-25 00:00:00', 'Permanent'),
(1997, 'Employee Name 392', 'Cladtek', 'Maintenance Foreman 1', 'Permanent', 'Maintenance & Engineering', 'Maintenance', 'Single', 'Melayu', 'D3', 'Maintenance Foreman 1\n', 'Male', 'Islam', '2016-01-25 00:00:00', 'Permanent'),
(2004, 'Employee Name 393', 'Cladtek', 'PM Foreman', 'Permanent', 'Maintenance & Engineering', 'Maintenance', 'Single', 'Jawa', 'D3', 'Maintenance Foreman 1\n', 'Male', 'Islam', '2016-02-09 00:00:00', 'Permanent'),
(2006, 'Employee Name 394', 'Cladtek', 'Production Operator', 'Permanent', 'Production', 'Machine Shop', 'Married', 'Melayu', 'Senior High School', 'Production Operator - Machine Shop', 'Male', 'Islam', '2016-02-15 00:00:00', 'Permanent'),
(2008, 'Employee Name 395', 'Cladtek', 'Production Operator', 'Permanent', 'Production', 'QH', 'Married', 'Minang', 'Senior High School', 'Production Operator - QH', 'Male', 'Islam', '2016-02-15 00:00:00', 'Permanent'),
(2016, 'Employee Name 396', 'Cladtek', 'Production Operator', 'Permanent', 'Production', 'SHV', 'Married', 'Jawa', 'Senior High School', 'Production Operator - SHV', 'Male', 'Islam', '2016-07-30 00:00:00', 'Permanent'),
(2022, 'Employee Name 397', 'Cladtek', 'Production Operator', 'Permanent', 'Production', 'QH', 'Single', 'Minang', 'Senior High School', 'Production Operator - QH', 'Male', 'Islam', '2016-02-22 00:00:00', 'Permanent'),
(2026, 'Employee Name 398', 'Cladtek', 'Production Foreman', 'Permanent', 'Production', 'Spool Fab. Fitter', 'Married', 'Minang', 'Senior High School', 'Production Foreman - Spool Fab. Fitter', 'Male', 'Islam', '2016-02-25 00:00:00', 'Permanent'),
(2029, 'Employee Name 399', 'Cladtek', 'Production Operator', 'Permanent', 'Production', 'SHV', 'Single', 'Palembang', NULL, 'Production Operator - SHV', 'Male', 'Islam', '2016-02-15 00:00:00', 'Permanent'),
(2034, 'Employee Name 400', 'Cladtek', 'Production Operator', 'Permanent', 'Production', 'Liner', 'Single', 'Aceh', 'Senior High School', 'Production Operator - MLP 1', 'Male', 'Islam', '2016-02-25 00:00:00', 'Permanent'),
(2039, 'Employee Name 401', 'Cladtek', 'Production Foreman', 'Permanent', 'Production', 'Spool Fab. Fitter', 'Married', 'Jawa', 'Vocational High School', 'Production Foreman - Spool Fab. Fitter', 'Male', 'Islam', '2016-11-09 00:00:00', 'Permanent'),
(2040, 'Employee Name 402', 'Cladtek', 'Production Foreman', 'Permanent', 'Production', 'Spool Fab. Fitter', 'Married', 'Melayu', 'Vocational High School', 'Production Foreman - Spool Fab. Fitter', 'Male', 'Islam', '2016-11-09 00:00:00', 'Permanent'),
(2051, 'Employee Name 403', 'Cladtek', 'Production Foreman', 'Permanent', 'Production', 'Spool Fab. Fitter', 'Married', 'Palembang', 'Senior High School', 'Production Foreman - Spool Fab. Fitter', 'Male', 'Islam', '2016-04-01 00:00:00', 'Permanent'),
(2065, 'Employee Name 404', 'Cladtek', 'Document Controller', 'Permanent', 'Project', 'Doc. Controller', 'Single', 'Sunda', 'Senior High School', 'Project Document Controller 2', 'Female', 'Islam', '2016-10-10 00:00:00', 'Permanent'),
(2067, 'Employee Name 405', 'Cladtek', 'Production Operator', 'Permanent', 'Production', 'MLP', 'Married', 'Batak', 'Senior High School', 'Production Operator - MLP 1', 'Male', 'Christian', '2016-04-08 00:00:00', 'Permanent'),
(2070, 'Employee Name 406', 'Cladtek', 'Production Operator', 'Permanent', 'Production', 'Spool Fab. Fitter', 'Married', 'Palembang', 'Senior High School', 'Production Operator - Spool Fab. Fitter', 'Male', 'Islam', '2016-04-15 00:00:00', 'Permanent'),
(2071, 'Employee Name 407', 'Cladtek', 'Purchasing Officer', 'Permanent', 'Supply Chain Management', 'Purchasing', 'Single', 'Jawa', 'D3', 'Purchasing Officer', 'Female', 'Islam', '2016-04-12 00:00:00', 'Permanent'),
(2079, 'Employee Name 408', 'Cladtek', 'Production Supervisor', 'Permanent', 'Production', 'Supervisor', 'Married', 'Jawa', 'Senior High School', 'Spool Fab. Welder Supervisor\n', 'Male', 'Islam', '2016-05-02 00:00:00', 'Permanent'),
(2082, 'Employee Name 409', 'Cladtek', 'Production Operator', 'Permanent', 'Production', 'Material Movement', 'Married', 'Batak', 'Senior High School', 'OHC Operator', 'Male', 'Christian', '2016-05-10 00:00:00', 'Permanent'),
(2087, 'Employee Name 410', 'Cladtek', 'Production Operator', 'Permanent', 'Production', 'Spool Fab. Welder', 'Married', 'Melayu', 'Senior High School', 'Production Operator - Spool Fab. Welder', 'Male', 'Islam', '2016-07-20 00:00:00', 'Permanent'),
(2091, 'Employee Name 411', 'Cladtek', 'Security', 'Permanent', 'Human Resources', 'Security', 'Married', 'Manado', 'Senior High School', 'Security', 'Male', 'Christian', '2016-06-01 00:00:00', 'Permanent'),
(2092, 'Employee Name 412', 'Cladtek', 'Security', 'Permanent', 'Human Resources', 'Security', 'Married', 'Jawa', 'Senior High School', 'Security', 'Male', 'Islam', '2016-06-01 00:00:00', 'Permanent'),
(2093, 'Employee Name 413', 'Cladtek', 'Security', 'Permanent', 'Human Resources', 'Security', 'Married', 'Jawa', 'Senior High School', 'Security', 'Male', 'Islam', '2016-06-01 00:00:00', 'Permanent'),
(2099, 'Employee Name 414', 'Cladtek', 'Sr. Data Entry & Admin', 'Permanent', 'Production', 'Data Entry & Clerk', 'Single', 'Jawa', NULL, 'Sr. Production Admin', 'Female', 'Islam', '2016-06-20 00:00:00', 'Permanent'),
(2109, 'Employee Name 415', 'Cladtek', 'PM Foreman', 'Permanent', 'Maintenance & Engineering', 'Facility Operations', 'Single', 'Minang', 'D3', 'Facility Foreman', 'Male', 'Islam', '2016-07-11 00:00:00', 'Permanent'),
(2116, 'Employee Name 416', 'Cladtek', 'Design Drafter', 'Permanent', 'Process Improvement', 'Design', 'Single', 'Jawa', 'D3', 'Design Drafter', 'Male', 'Islam', '2016-07-21 00:00:00', 'Permanent'),
(2123, 'Employee Name 417', 'Cladtek', 'Production Operator', 'Permanent', 'Production', 'QH', 'Single', 'Jawa', NULL, 'Production Operator - QH', 'Male', 'Islam', '2016-07-30 00:00:00', 'Permanent'),
(2124, 'Employee Name 418', 'Cladtek', 'Production Operator', 'Permanent', 'Production', 'SHV', 'Single', 'Sunda', 'Senior High School', 'Production Operator - SHV', 'Male', 'Islam', '2016-07-30 00:00:00', 'Permanent'),
(2129, 'Employee Name 419', 'Cladtek', 'Production Operator', 'Permanent', 'Production', 'SHV', 'Single', 'Jawa', 'Senior High School', 'Production Operator - SHV', 'Male', 'Islam', '2016-08-03 00:00:00', 'Permanent'),
(2130, 'Employee Name 420', 'Cladtek', 'Production Operator', 'Permanent', 'Production', 'Manual Repair', 'Single', 'Sunda', 'Senior High School', 'Production Operator - Manual Repair', 'Male', 'Islam', '2016-08-08 00:00:00', 'Permanent'),
(2132, 'Employee Name 421', 'Cladtek', 'Production Operator', 'Permanent', 'Production', 'Manual Repair', 'Married', 'Minang', 'Senior High School', 'Production Operator - Manual Repair', 'Male', 'Islam', '2016-08-08 00:00:00', 'Permanent'),
(2134, 'Employee Name 422', 'Cladtek', 'Production Operator', 'Permanent', 'Production', 'Manual Repair', 'Single', 'Aceh', 'Senior High School', 'Production Operator - Manual Repair', 'Male', 'Islam', '2016-08-08 00:00:00', 'Permanent'),
(2136, 'Employee Name 423', 'Cladtek', 'Production Operator', 'Permanent', 'Production', 'Manual Repair', 'Single', 'Jawa', 'Junior High School', 'Production Operator - Manual Repair', 'Male', 'Islam', '2016-08-08 00:00:00', 'Permanent'),
(2138, 'Employee Name 424', 'Cladtek', 'PM Foreman', 'Permanent', 'Maintenance & Engineering', 'Maintenance', 'Married', 'Minang', 'Vocational High School', 'Maintenance Foreman 1\n', 'Male', 'Islam', '2016-08-15 00:00:00', 'Permanent'),
(2141, 'Employee Name 425', 'Cladtek', 'Production Operator', 'Permanent', 'Production', 'Spool Fab. Welder', 'Married', 'Banjar', 'Junior High School', 'Production Operator - Spool Fab. Welder', 'Male', 'Islam', '2016-08-15 00:00:00', 'Permanent'),
(2145, 'Employee Name 426', 'Cladtek', 'Production Operator', 'Permanent', 'Production', 'Manual Repair', 'Married', 'Batak', 'Vocational High School', 'Production Operator - Manual Repair', 'Male', 'Islam', '2016-08-18 00:00:00', 'Permanent'),
(2151, 'Employee Name 427', 'Cladtek', 'Document Controller', 'Permanent', 'Quality Control', 'QC Documentation', 'Single', 'Batak', 'D3', 'QC Document Controller 9', 'Female', 'Christian', '2016-09-13 00:00:00', 'Permanent'),
(2152, 'Employee Name 428', 'Cladtek', 'Production Foreman', 'Permanent', 'Production', 'Blast & Paint', 'Married', 'Batak', 'Vocational High School', 'Blast & Paint Foreman\n', 'Male', 'Islam', '2016-09-17 00:00:00', 'Permanent'),
(2153, 'Employee Name 429', 'Cladtek', 'Production Operator', 'Permanent', 'Production', 'Blast & Paint', 'Married', 'Jawa', 'Vocational High School', 'Production Operator - Blast & Paint', 'Male', 'Islam', '2016-09-21 00:00:00', 'Permanent'),
(2154, 'Employee Name 430', 'Cladtek', 'Sr. NDE Technician', 'Permanent', 'Quality Control', 'NDE', 'Single', 'Batak', 'Senior High School', 'Sr. NDE Technician 2', 'Male', 'Christian', '2016-09-21 00:00:00', 'Permanent'),
(2164, 'Employee Name 431', 'Cladtek', 'Production Foreman', 'Permanent', 'Production', 'Material Movement', 'Married', 'Batak', 'Vocational High School', 'Material Movement Foreman', 'Male', 'Christian', '2016-10-21 00:00:00', 'Permanent'),
(2165, 'Employee Name 432', 'Cladtek', 'NDE Technician', 'Permanent', 'Quality Control', 'NDE', 'Married', 'Minang', 'Senior High School', 'Sr. NDE Technician 1', 'Male', 'Islam', '2016-10-31 00:00:00', 'Permanent'),
(2166, 'Employee Name 433', 'Cladtek', 'Production Operator', 'Permanent', 'Production', 'Spool Fab. Fitter', 'Single', 'Jawa', 'Vocational High School', 'Production Operator - Spool Fab. Fitter', 'Male', 'Islam', '2016-11-14 00:00:00', 'Permanent'),
(2169, 'Employee Name 434', 'Cladtek', 'Production Operator', 'Permanent', 'Production', 'Spool Fab. Fitter', 'Married', 'Palembang', 'Senior High School', 'Production Operator - Spool Fab. Fitter', 'Male', 'Islam', '2016-11-14 00:00:00', 'Permanent'),
(2171, 'Employee Name 435', 'Cladtek', 'Production Supervisor', 'Permanent', 'Production', 'Supervisor', 'Married', 'Jawa', 'Senior High School', 'Spool Fab. Fitter Supervisor\n', 'Male', 'Islam', '2016-11-22 00:00:00', 'Permanent'),
(2173, 'Employee Name 436', 'Cladtek', 'QC Inspector', 'Permanent', 'Quality Control', 'Quality Control', 'Married', 'Jawa', 'Vocational High School', 'QC Inspector 1', 'Male', 'Islam', '2016-11-14 00:00:00', 'Permanent'),
(2177, 'Employee Name 437', 'Cladtek', 'Production Superintendent', 'Permanent', 'Production', 'Superintendent', 'Married', 'Jawa', 'Vocational High School', 'Spool Fab. Superintendent', 'Male', 'Islam', '2016-11-29 00:00:00', 'Permanent'),
(2190, 'Employee Name 438', 'Cladtek', 'Production Supervisor', 'Permanent', 'Production', 'Supervisor', 'Single', 'Melayu', 'D3', 'SHV Supervisor', 'Male', 'Islam', '2016-12-29 00:00:00', 'Permanent'),
(2204, 'Employee Name 439', 'Cladtek', 'Production Operator', 'Permanent', 'Production', 'MLP', 'Married', 'Batak', 'Vocational High School', 'Production Operator - MLP 1', 'Male', 'Christian', '2017-01-13 00:00:00', 'Permanent'),
(2205, 'Employee Name 440', 'Cladtek', 'PM Technician', 'Permanent', 'Maintenance & Engineering', 'Maintenance', 'Single', 'Batak', 'D3', 'Sr. Technician - Electric 1\n', 'Male', 'Christian', '2017-01-13 00:00:00', 'Permanent'),
(2206, 'Employee Name 441', 'Cladtek', 'Production Operator', 'Permanent', 'Production', 'MLP', 'Married', 'Batak', 'Vocational High School', 'Production Operator - MLP 1', 'Male', 'Christian', '2017-01-13 00:00:00', 'Permanent'),
(2215, 'Employee Name 442', 'Cladtek', 'PLC Engineer', 'Permanent', 'Maintenance & Engineering', 'Electrical', 'Married', 'Minang', 'S1', 'Electrical Superitendent', 'Male', 'Islam', '2017-01-27 00:00:00', 'Permanent'),
(2218, 'Employee Name 443', 'Cladtek', 'Sr. Design Engineer', 'Permanent', 'Process Improvement', 'Design', 'Married', 'Jawa', 'S1', 'Sr. Design Engineer 2', 'Male', 'Islam', '2017-02-06 00:00:00', 'Permanent'),
(2223, 'Employee Name 444', 'Cladtek', 'Production Operator', 'Permanent', 'Production', 'MLP', 'Married', 'Batak', 'Senior High School', 'Production Operator - MLP 1', 'Male', 'Catholic', '2017-03-14 00:00:00', 'Permanent'),
(2227, 'Employee Name 445', 'Cladtek', 'Chief Financial Officer', 'Permanent', 'Finance & Accounting', 'Group Finance', 'Default', 'Expat', NULL, 'Chief Financial Officer', 'Male', 'Default', '2017-05-26 00:00:00', 'Expatriate');
INSERT INTO `employee` (`Employee_Number`, `Name`, `Company`, `Designation`, `Employment_Status`, `Department`, `Section`, `Marital_Status`, `Ethnic`, `Highest_Educational_Level`, `Main_Position`, `Sex`, `Religion`, `Join_Date`, `Employment_Status_1`) VALUES
(2256, 'Employee Name 446', 'Cladtek', 'Production Operator', 'Permanent', 'Production', 'Liner', 'Married', 'Jawa', 'Senior High School', 'Production Operator - MLP 2', 'Male', 'Islam', '2017-03-29 00:00:00', 'Permanent'),
(2258, 'Employee Name 447', 'Cladtek', 'Production Operator', 'Permanent', 'Production', 'SHV', 'Single', 'Palembang', 'Senior High School', 'Production Operator - SHV', 'Male', 'Islam', '2017-03-29 00:00:00', 'Permanent'),
(2274, 'Employee Name 448', 'Cladtek', 'Production Operator', 'Permanent', 'Production', 'MLP', 'Single', 'Palembang', 'Senior High School', 'Production Operator - MLP 1', 'Male', 'Islam', '2017-03-29 00:00:00', 'Permanent'),
(2278, 'Employee Name 449', 'Cladtek', 'Production Operator', 'Permanent', 'Production', 'MLP', 'Single', 'Batak', 'Vocational High School', 'Production Operator - MLP 1', 'Male', 'Christian', '2017-03-29 00:00:00', 'Permanent'),
(2296, 'Employee Name 450', 'Cladtek', 'Technical Writer', 'Permanent', 'Production Automation', 'Production Automation', 'Single', 'Jawa', 'Vocational High School', 'Technical Writer', 'Female', 'Islam', '2017-04-03 00:00:00', 'Permanent'),
(2325, 'Employee Name 451', 'Cladtek', 'Production Operator', 'Permanent', 'Production', 'Material Movement', 'Single', 'Jawa', 'Senior High School', 'Forklift Operator', 'Male', 'Islam', '2017-04-20 00:00:00', 'Permanent'),
(2346, 'Employee Name 452', 'Cladtek', 'Production Operator', 'Permanent', 'Production', 'QH', 'Married', 'Minang', 'Vocational High School', 'Production Operator - QH', 'Male', 'Islam', '2017-04-27 00:00:00', 'Permanent'),
(2364, 'Employee Name 453', 'Cladtek', 'PM Foreman', 'Permanent', 'Maintenance & Engineering', 'Facility Operations', 'Married', 'Nias', 'Vocational High School', 'Facility Foreman', 'Male', 'Islam', '2017-05-05 00:00:00', 'Permanent'),
(2473, 'Employee Name 454', 'Cladtek', 'Project Engineer', 'Permanent', 'Cladtek', 'Other', 'Default', 'Expat', NULL, 'Project Engineer', 'Male', 'Default', '2017-04-26 00:00:00', 'Expatriate'),
(2474, 'Employee Name 455', 'Cladtek', 'AP Officer', 'Permanent', 'Finance & Accounting', 'Finance', 'Single', 'Batak', 'D4', 'AP Officer', 'Female', 'Christian', '2017-07-03 00:00:00', 'Permanent'),
(2527, 'Employee Name 456', 'Cladtek', 'Project Manager', 'Permanent', 'Project', 'Manager', 'Married', 'Minang', 'S1', 'Project Manager 4', 'Male', 'Islam', '2017-08-28 00:00:00', 'Permanent'),
(2528, 'Employee Name 457', 'Cladtek', 'Project Document Controller Supervisor', 'Permanent', 'Project', 'Doc. Controller', 'Single', 'Batak', 'Senior High School', 'Project Document Controller Supervisor', 'Female', 'Christian', '2017-09-07 00:00:00', 'Permanent'),
(2606, 'Employee Name 458', 'Cladtek', 'Treasury', 'Permanent', 'Finance & Accounting', 'Finance', 'Single', 'Batak', 'S1', 'Treasury\n', 'Female', 'Christian', '2017-11-23 00:00:00', 'Permanent'),
(2627, 'Employee Name 459', 'Cladtek', 'MLP Superintendent', 'Contract', 'Production', 'Superintendent', 'Married', 'Aceh', 'S1', 'MLP Superintendent 2', 'Male', 'Islam', '2017-12-08 00:00:00', 'Contract'),
(2726, 'Employee Name 460', 'Cladtek', 'Sr. NDE Technician', 'Contract', 'Quality Control', 'NDE', 'Married', 'Batak', NULL, 'Sr. NDE Technician 2', 'Male', 'Christian', '2018-01-12 00:00:00', 'Contract'),
(2742, 'Employee Name 461', 'Cladtek', 'Project Accountant', 'Permanent', 'Finance & Accounting', 'Group Finance', 'Single', 'Jawa', NULL, 'Project Accountant\n', 'Female', 'Islam', '2018-01-16 00:00:00', 'Permanent'),
(2765, 'Employee Name 462', 'Cladtek', 'Welding Specialist', 'Permanent', 'Production', 'Welding Specialist', 'Default', 'Expat', NULL, 'Welding Specialist', 'Male', 'Default', '2018-01-22 00:00:00', 'Expatriate'),
(2776, 'Employee Name 463', 'Cladtek', 'Logistic Officer', 'Permanent', 'Supply Chain Management', 'Logistics', 'Single', 'Melayu', NULL, 'Logistic Officer', 'Female', 'Islam', '2018-01-23 00:00:00', 'Permanent'),
(2801, 'Employee Name 464', 'Cladtek', 'Marketing & Tendering Manager', 'Permanent', 'Business Development', 'Manager', 'Default', 'Expat', NULL, 'Marketing & Tendering Manager', 'Female', 'Default', '2018-01-29 00:00:00', 'Expatriate'),
(2868, 'Employee Name 465', 'Cladtek', 'Senior Technician Mechanical', 'Contract', 'Maintenance & Engineering', 'Engineering', 'Married', 'Jawa', NULL, 'Senior Technician Mechanical', 'Male', 'Islam', '2018-02-26 00:00:00', 'Contract'),
(2869, 'Employee Name 466', 'Cladtek', 'Cleaner Human Resources', 'Contract', 'Human Resources', 'General Affair', 'Married', 'Jawa', NULL, 'Cleaner Human Resources', 'Male', 'Islam', '2018-02-26 00:00:00', 'Contract'),
(2892, 'Employee Name 467', 'Cladtek', 'Design Engineer', 'Contract', 'Project (Others)', 'Design', 'Single', 'Bugis', NULL, 'Design Engineer', 'Male', 'Islam', '2018-03-15 00:00:00', 'Contract'),
(2901, 'Employee Name 468', 'Cladtek', 'Document Controller', 'Permanent', 'Project', 'Doc. Controller', 'Single', 'Batak', NULL, 'Project Document Controller 3', 'Female', 'Christian', '2018-03-15 00:00:00', 'Permanent'),
(2926, 'Employee Name 469', 'Cladtek', 'Training Specialist', 'Contract', 'Human Resources', 'Training Specialist', 'Single', 'Palembang', NULL, 'Training Specialist', 'Female', 'Islam', '2018-03-22 00:00:00', 'Contract'),
(2935, 'Employee Name 470', 'Cladtek', 'NDE Technician', 'Contract', 'Quality Control', 'NDE', 'Married', 'Batak', NULL, 'Sr. NDE Technician 1', 'Male', 'Christian', '2018-03-22 00:00:00', 'Contract'),
(2939, 'Employee Name 471', 'Cladtek', 'Sr. MD NDE Technician ', 'Contract', 'Quality Control', 'NDE', 'Single', 'Batak', NULL, 'Sr. NDE Technician 1', 'Male', 'Christian', '2018-03-22 00:00:00', 'Contract'),
(2943, 'Employee Name 472', 'Cladtek', 'NDE Technician', 'Contract', 'Quality Control', 'NDE', 'Married', 'Batak', NULL, 'Sr. NDE Technician 1', 'Male', 'Christian', '2018-03-22 00:00:00', 'Contract'),
(2955, 'Employee Name 473', 'Cladtek', 'Sr. MD NDE Technician ', 'Contract', 'Quality Control', 'NDE', 'Married', 'Batak', NULL, 'Sr. NDE Technician 1', 'Male', 'Christian', '2018-03-23 00:00:00', 'Contract'),
(2960, 'Employee Name 474', 'Cladtek', 'QC Inspector', 'Contract', 'Quality Control', 'Quality Control', 'Married', 'Palembang', NULL, 'QC Inspector 1', 'Male', 'Islam', '2018-03-23 00:00:00', 'Contract'),
(2962, 'Employee Name 475', 'Cladtek', 'QC Inspector', 'Contract', 'Quality Control', 'Quality Control', 'Married', 'Jawa', NULL, 'QC Inspector 1', 'Male', 'Islam', '2018-03-23 00:00:00', 'Contract'),
(2965, 'Employee Name 476', 'Cladtek', 'QC Inspector', 'Contract', 'Quality Control', 'Quality Control', 'Married', 'Toraja', NULL, 'QC Inspector 2', 'Male', 'Christian', '2018-03-23 00:00:00', 'Contract'),
(2967, 'Employee Name 477', 'Cladtek', 'QC Inspector', 'Contract', 'Quality Control', 'Quality Control', 'Married', 'Batak', NULL, 'QC Inspector 1', 'Male', 'Christian', '2018-03-23 00:00:00', 'Contract'),
(2981, 'Employee Name 478', 'Cladtek', 'Production Operator', 'Contract', 'Production', 'SHV', 'Single', 'Jawa', NULL, 'Production Operator - SHV', 'Female', 'Islam', '2018-03-26 00:00:00', 'Contract'),
(2992, 'Employee Name 479', 'Cladtek', 'Sr. QC Inspector', 'Contract', 'Quality Control', 'Quality Control', 'Married', 'Batak', NULL, 'Sr. QC Inspector 1', 'Male', 'Christian', '2018-03-26 00:00:00', 'Contract'),
(2996, 'Employee Name 480', 'Cladtek', 'Sr. MD NDE Technician ', 'Contract', 'Quality Control', 'NDE', 'Married', 'Sunda', NULL, 'Sr. NDE Technician 1', 'Male', 'Islam', '2018-03-26 00:00:00', 'Contract'),
(3020, 'Employee Name 481', 'Cladtek', 'NDE Technician', 'Contract', 'Quality Control', 'NDE', 'Single', 'Batak', NULL, 'Sr. NDE Technician 1', 'Male', 'Christian', '2018-03-28 00:00:00', 'Contract'),
(3039, 'Employee Name 482', 'Cladtek', 'QC Engineer', 'Contract', 'Quality Control', 'Quality Control', 'Single', 'Minang', NULL, 'QC Engineer 5', 'Male', 'Islam', '2018-04-02 00:00:00', 'Contract'),
(3042, 'Employee Name 483', 'Cladtek', 'Production Operator', 'Contract', 'Production', 'SHV', 'Single', 'Minang', NULL, 'Production Operator - SHV', 'Female', 'Islam', '2018-04-02 00:00:00', 'Contract'),
(3114, 'Employee Name 484', 'Cladtek', 'Production Operator', 'Contract', 'Production', 'Bending & HT', 'Single', 'Jawa', NULL, 'Production Operator - Bending & HT', 'Male', 'Islam', '2018-04-09 00:00:00', 'Contract'),
(3117, 'Employee Name 485', 'Cladtek', 'Production Operator', 'Contract', 'Production', 'Bending & HT', 'Single', 'Jawa', NULL, 'Production Operator - Bending & HT', 'Male', 'Islam', '2018-04-09 00:00:00', 'Contract'),
(3119, 'Employee Name 486', 'Cladtek', 'OHC Operator', 'Contract', 'Production', 'Material Movement', 'Single', 'Batak', NULL, 'OHC Operator', 'Male', 'Christian', '2018-04-09 00:00:00', 'Contract'),
(3122, 'Employee Name 487', 'Cladtek', 'Production Operator', 'Contract', 'Production', 'Material Movement', 'Single', 'Batak', NULL, 'Forklift Operator', 'Male', 'Christian', '2018-04-09 00:00:00', 'Contract'),
(3144, 'Employee Name 488', 'Cladtek', 'Production Operator', 'Contract', 'Production', 'Liner', 'Married', 'Batak', NULL, 'Production Operator - MLP 1', 'Male', 'Christian', '2018-04-11 00:00:00', 'Contract'),
(3148, 'Employee Name 489', 'Cladtek', 'Production Operator', 'Contract', 'Production', 'Liner', 'Married', 'Aceh', NULL, 'Production Operator - MLP 2', 'Male', 'Islam', '2018-04-11 00:00:00', 'Contract'),
(3177, 'Employee Name 490', 'Cladtek', 'Rigger', 'Contract', 'Production', 'Material Movement', 'Single', 'Batak', NULL, 'Rigger', 'Male', 'Christian', '2018-04-18 00:00:00', 'Contract'),
(3210, 'Employee Name 491', 'Cladtek', 'Production Equipment Lead', 'Permanent', 'Maintenance & Engineering', 'Maintenance', 'Default', 'Expat', NULL, 'Maintenance Superintendent 1', 'Male', 'Default', '2018-04-26 00:00:00', 'Expatriate'),
(3224, 'Employee Name 492', 'Cladtek', 'Production Operator', 'Contract', 'Production', 'SHV', 'Single', 'Minang', NULL, 'Production Operator - SHV', 'Male', 'Islam', '2018-05-30 00:00:00', 'Contract'),
(3231, 'Employee Name 493', 'Cladtek', 'NDE Technician', 'Contract', 'Quality Control', 'NDE', 'Single', 'Batak', NULL, 'Sr. NDE Technician 3', 'Male', 'Christian', '2018-05-07 00:00:00', 'Contract'),
(3244, 'Employee Name 494', 'Cladtek', 'Production Operator', 'Contract', 'Production', 'SHV', 'Single', 'Batak', NULL, 'Production Operator - SHV', 'Female', 'Christian', '2018-05-18 00:00:00', 'Contract'),
(3267, 'Employee Name 495', 'Cladtek', 'Production Expeditor', 'Contract', 'Production', 'Expeditor', 'Single', 'Batak', NULL, 'Production Expeditor', 'Male', 'Christian', '2018-05-28 00:00:00', 'Contract'),
(3300, 'Employee Name 496', 'Cladtek', 'NDE Technician', 'Contract', 'Quality Control', 'NDE', 'Married', 'Jawa', NULL, 'Sr. NDE Technician 2', 'Male', 'Islam', '2018-06-11 00:00:00', 'Contract'),
(3305, 'Employee Name 497', 'Cladtek', 'Production Operator', 'Contract', 'Production', 'Liner', 'Married', 'Batak', NULL, 'Production Operator - MLP 2', 'Male', 'Christian', '2018-06-11 00:00:00', 'Contract'),
(3331, 'Employee Name 498', 'Cladtek', 'Maintenance and Engineering Manager', 'Permanent', 'Maintenance & Engineering', 'Manager', 'Default', 'Expat', NULL, 'Maintenance and Engineering Manager', 'Male', 'Default', '2018-06-18 00:00:00', 'Expatriate'),
(3346, 'Employee Name 499', 'Cladtek', 'Production Superintendent', 'Contract', 'Production', 'Superintendent', 'Married', 'Minang', NULL, 'MLP Superintendent', 'Male', 'Islam', '2018-06-25 00:00:00', 'Contract'),
(3364, 'Employee Name 500', 'Cladtek', 'Sr. QC Document Controller', 'Contract', 'Quality Control', 'QC Documentation', 'Married', 'Jawa', NULL, 'Sr. QC Document Controller', 'Female', 'Islam', '2018-07-04 00:00:00', 'Contract'),
(3370, 'Employee Name 501', 'Cladtek', 'PM Technician', 'Contract', 'Maintenance & Engineering', 'Maintenance', 'Single', 'Minang', NULL, 'Technician - Electric 1', 'Male', 'Islam', '2018-07-04 00:00:00', 'Contract'),
(3371, 'Employee Name 502', 'Cladtek', 'Technician - Mechanic', 'Contract', 'Maintenance & Engineering', 'Maintenance', 'Married', 'Jawa', NULL, 'Technician - Mechanic 1', 'Male', 'Islam', '2018-07-04 00:00:00', 'Contract'),
(3372, 'Employee Name 503', 'Cladtek', 'Technician - Mechanic', 'Contract', 'Maintenance & Engineering', 'Maintenance', 'Married', 'Jawa', NULL, 'Technician - Mechanic 1', 'Male', 'Islam', '2018-07-04 00:00:00', 'Contract'),
(3374, 'Employee Name 504', 'Cladtek', 'Facility Maintenance', 'Contract', 'Maintenance & Engineering', 'Facility Operations', 'Married', 'Jawa', NULL, 'Facility Maintenance - Mechanic', 'Male', 'Islam', '2018-07-04 00:00:00', 'Contract'),
(3377, 'Employee Name 505', 'Cladtek', 'PM Foreman', 'Contract', 'Maintenance & Engineering', 'Facility Operations', 'Married', 'Jawa', NULL, 'Facility Foreman', 'Male', 'Islam', '2018-07-09 00:00:00', 'Contract'),
(3380, 'Employee Name 506', 'Cladtek', 'NDE Technician', 'Contract', 'Quality Control', 'NDE', 'Married', 'Bengkulu', NULL, 'Sr. NDE Technician 3', 'Male', 'Islam', '2018-07-09 00:00:00', 'Contract'),
(3418, 'Employee Name 507', 'Cladtek', 'Technician - Electric', 'Contract', 'Maintenance & Engineering', 'Maintenance', 'Married', 'Minang', NULL, 'Technician - Electric 1', 'Male', 'Islam', '2018-07-16 00:00:00', 'Contract'),
(3422, 'Employee Name 508', 'Cladtek', 'Act. HR Operation Supervisor', 'Contract', 'Human Resources', 'Human Resources', 'Single', 'Jawa', 'S1', 'Act. HR Operation Supervisor', 'Female', 'Islam', '2018-07-23 00:00:00', 'Contract'),
(3423, 'Employee Name 509', 'Cladtek', 'PM Technician', 'Contract', 'Maintenance & Engineering', 'Maintenance', 'Married', 'Melayu', NULL, 'Technician - Electric 1', 'Male', 'Islam', '2018-07-23 00:00:00', 'Contract'),
(3445, 'Employee Name 510', 'Cladtek', 'Production Operator', 'Contract', 'Production', 'Bending & HT', 'Single', 'Batak', NULL, 'Production Operator - Bending & HT', 'Male', 'Christian', '2018-08-06 00:00:00', 'Contract'),
(3463, 'Employee Name 511', 'Cladtek', 'NDE Technician', 'Contract', 'Quality Control', 'NDE', 'Married', 'Batak', NULL, 'Sr. NDE Technician 1', 'Male', 'Islam', '2018-08-27 00:00:00', 'Contract'),
(3476, 'Employee Name 512', 'Cladtek', 'NDE Technician', 'Contract', 'Quality Control', 'NDE', 'Married', 'Jawa', NULL, 'Sr. NDE Technician 1', 'Male', 'Islam', '2018-08-31 00:00:00', 'Contract'),
(3477, 'Employee Name 513', 'Cladtek', 'NDE Technician', 'Contract', 'Quality Control', 'NDE', 'Single', 'Batak', NULL, 'Sr. NDE Technician 2', 'Male', 'Christian', '2018-08-31 00:00:00', 'Contract'),
(3489, 'Employee Name 514', 'Cladtek', 'NDE Technician', 'Contract', 'Quality Control', 'NDE', 'Single', 'Buton', NULL, 'Sr. NDE Technician 1', 'Male', 'Islam', '2018-09-03 00:00:00', 'Contract'),
(3490, 'Employee Name 515', 'Cladtek', 'NDE Technician', 'Contract', 'Quality Control', 'NDE', 'Single', 'Batak', NULL, 'Sr. NDE Technician 2', 'Male', 'Christian', '2018-09-03 00:00:00', 'Contract'),
(3492, 'Employee Name 516', 'Cladtek', 'NDE Technician', 'Contract', 'Quality Control', 'NDE', 'Married', 'Batak', NULL, 'Sr. NDE Technician 3', 'Male', 'Christian', '2018-09-03 00:00:00', 'Contract'),
(3493, 'Employee Name 517', 'Cladtek', 'NDE Technician', 'Contract', 'Quality Control', 'NDE', 'Married', 'Batak', NULL, 'Sr. NDE Technician 3', 'Male', 'Christian', '2018-09-03 00:00:00', 'Contract'),
(3494, 'Employee Name 518', 'Cladtek', 'NDE Technician', 'Contract', 'Quality Control', 'NDE', 'Married', 'Batak', NULL, 'NDE Technician 3', 'Male', 'Christian', '2018-09-03 00:00:00', 'Contract'),
(3498, 'Employee Name 519', 'Cladtek', 'Consultant QA&QC', 'Permanent', 'Quality Control', 'Quality Control', 'Default', 'Expat', NULL, 'Consultant QA & QC', 'Male', 'Default', '2018-09-03 00:00:00', 'Expatriate'),
(3500, 'Employee Name 520', 'Cladtek', 'NDE Technician', 'Contract', 'Quality Control', 'NDE', 'Single', 'Minang', NULL, 'NDE Technician 3', 'Male', 'Islam', '2018-09-04 00:00:00', 'Contract'),
(3505, 'Employee Name 521', 'Cladtek', 'NDE Technician', 'Contract', 'Quality Control', 'NDE', 'Single', 'Jawa', NULL, 'NDE Technician 1', 'Male', 'Islam', '2018-09-04 00:00:00', 'Contract'),
(3506, 'Employee Name 522', 'Cladtek', 'NDE Technician', 'Contract', 'Quality Control', 'NDE', 'Married', 'Melayu', NULL, 'NDE Technician 2', 'Male', 'Islam', '2018-09-04 00:00:00', 'Contract'),
(3507, 'Employee Name 523', 'Cladtek', 'NDE Technician', 'Contract', 'Quality Control', 'NDE', 'Single', 'Minang', NULL, 'NDE Technician 2', 'Male', 'Islam', '2018-09-04 00:00:00', 'Contract'),
(3509, 'Employee Name 524', 'Cladtek', 'NDE Technician', 'Contract', 'Quality Control', 'NDE', 'Married', 'Jawa', NULL, 'NDE Technician 1', 'Male', 'Christian', '2018-09-04 00:00:00', 'Contract'),
(3511, 'Employee Name 525', 'Cladtek', 'NDE Technician', 'Contract', 'Quality Control', 'NDE', 'Single', 'Batak', NULL, 'NDE Technician 3', 'Male', 'Christian', '2018-09-04 00:00:00', 'Contract'),
(3512, 'Employee Name 526', 'Cladtek', 'NDE Technician', 'Contract', 'Quality Control', 'NDE', 'Married', 'Batak', NULL, 'NDE Technician 2', 'Male', 'Christian', '2018-09-04 00:00:00', 'Contract'),
(3515, 'Employee Name 527', 'Cladtek', 'Document Controller', 'Contract', 'Project', 'Doc. Controller', 'Single', 'Bugis', NULL, 'Project Document Controller 5', 'Female', 'Islam', '2018-09-10 00:00:00', 'Contract'),
(3518, 'Employee Name 528', 'Cladtek', 'Rigger', 'Contract', 'Production', 'Material Movement', 'Married', 'Batak', NULL, 'Rigger', 'Male', 'Christian', '2018-09-14 00:00:00', 'Contract'),
(3544, 'Employee Name 529', 'Cladtek', 'QC Inspector', 'Contract', 'Quality Control', 'Quality Control', 'Single', 'Jawa', 'S1', 'QC Inspector 1', 'Male', 'Islam', '2018-09-20 00:00:00', 'Contract'),
(3546, 'Employee Name 530', 'Cladtek', 'NDE Technician', 'Contract', 'Quality Control', 'NDE', 'Single', 'Batak', 'Vocational High School', 'NDE Technician 3', 'Male', 'Christian', '2018-09-20 00:00:00', 'Contract'),
(3547, 'Employee Name 531', 'Cladtek', 'NDE Technician', 'Contract', 'Quality Control', 'NDE', 'Single', 'Jawa', 'Senior High School', 'Sr. NDE Technician 3', 'Male', 'Islam', '2018-09-20 00:00:00', 'Contract'),
(3548, 'Employee Name 532', 'Cladtek', 'NDE Technician', 'Contract', 'Quality Control', 'NDE', 'Married', 'Jawa', 'S1', 'NDE Technician 1', 'Male', 'Islam', '2018-09-20 00:00:00', 'Contract'),
(3549, 'Employee Name 533', 'Cladtek', 'NDE Technician', 'Contract', 'Quality Control', 'NDE', 'Married', 'Palembang', 'Senior High School', 'Sr. NDE Technician 2', 'Male', 'Islam', '2018-09-20 00:00:00', 'Contract'),
(3552, 'Employee Name 534', 'Cladtek', 'Production Operator', 'Contract', 'Production', 'Liner', 'Married', 'Batak', 'Vocational High School', 'Production Operator - MLP 1', 'Male', 'Christian', '2018-09-20 00:00:00', 'Contract'),
(3583, 'Employee Name 535', 'Cladtek', 'Production Operator', 'Contract', 'Production', 'Liner', 'Single', 'Minang', 'Senior High School', 'Production Operator - MLP 2', 'Male', 'Islam', '2018-09-21 00:00:00', 'Contract'),
(3587, 'Employee Name 536', 'Cladtek', 'Production Operator', 'Contract', 'Production', 'MLP', 'Single', 'Melayu', 'Senior High School', 'Production Operator - MLP 2', 'Male', 'Islam', '2018-09-21 00:00:00', 'Contract'),
(3597, 'Employee Name 537', 'Cladtek', 'NDE Technician', 'Contract', 'Quality Control', 'NDE', 'Married', 'Batak', 'Vocational High School', 'Sr. NDE Technician 1', 'Male', 'Christian', '2018-09-21 00:00:00', 'Contract'),
(3599, 'Employee Name 538', 'Cladtek', 'NDE Technician', 'Contract', 'Quality Control', 'NDE', 'Married', 'Batak', 'Vocational High School', 'Sr. NDE Technician 2', 'Male', 'Islam', '2018-09-21 00:00:00', 'Contract'),
(3600, 'Employee Name 539', 'Cladtek', 'NDE Technician', 'Contract', 'Quality Control', 'NDE', 'Married', 'Batak', 'Senior High School', 'NDE Technician 2', 'Male', 'Christian', '2018-09-21 00:00:00', 'Contract'),
(3609, 'Employee Name 540', 'Cladtek', 'Sr. QC Inspector', 'Contract', 'Quality Control', 'Quality Control', 'Married', 'Jawa', NULL, 'Sr. QC Inspector 1', 'Male', 'Islam', '2018-09-24 00:00:00', 'Contract'),
(3610, 'Employee Name 541', 'Cladtek', 'NDE Technician', 'Contract', 'Quality Control', 'NDE', 'Married', 'Jawa', 'S1', 'Sr. NDE Technician 1', 'Male', 'Islam', '2018-09-24 00:00:00', 'Contract'),
(3655, 'Employee Name 542', 'Cladtek', 'Rigger', 'Contract', 'Production', 'Material Movement', 'Single', 'Batak', NULL, 'Rigger', 'Male', 'Christian', '2018-09-26 00:00:00', 'Contract'),
(3656, 'Employee Name 543', 'Cladtek', 'Rigger', 'Contract', 'Production', 'Material Movement', 'Married', 'Batak', 'Vocational High School', 'Mobile Crane Operator', 'Male', 'Christian', '2018-09-26 00:00:00', 'Contract'),
(3658, 'Employee Name 544', 'Cladtek', 'Rigger', 'Contract', 'Production', 'Material Movement', 'Married', 'Batak', 'Vocational High School', 'Rigger', 'Male', 'Christian', '2018-09-26 00:00:00', 'Contract'),
(3659, 'Employee Name 545', 'Cladtek', 'Rigger', 'Contract', 'Production', 'Material Movement', 'Married', 'Batak', 'Vocational High School', 'Rigger', 'Male', 'Christian', '2018-09-26 00:00:00', 'Contract'),
(3667, 'Employee Name 546', 'Cladtek', 'Facility Maintenance - Electrical', 'Contract', 'Maintenance & Engineering', 'Facility Operations', 'Married', 'Melayu', 'Vocational High School', 'Facility Maintenance - Electrical', 'Male', 'Islam', '2018-10-02 00:00:00', 'Contract'),
(3668, 'Employee Name 547', 'Cladtek', 'Clerk QA QA Doc Con', 'Contract', 'Quality Control', 'QC Documentation', 'Single', 'Batak', 'S1', 'QC Document Controller 1', 'Female', 'Christian', '2018-10-02 00:00:00', 'Contract'),
(3680, 'Employee Name 548', 'Cladtek', 'Store Keeper', 'Contract', 'Supply Chain Management', 'Store', 'Single', 'Sunda', 'Senior High School', 'Store Keeper 1', 'Male', 'Islam', '2018-10-12 00:00:00', 'Contract'),
(3682, 'Employee Name 549', 'Cladtek', 'Production Operator', 'Contract', 'Production', 'Bending & HT', 'Married', 'Meranjat', 'Senior High School', 'Production Operator - Bending & HT', 'Male', 'Islam', '2018-10-12 00:00:00', 'Contract'),
(3686, 'Employee Name 550', 'Cladtek', 'Process Improvement Lead', 'Permanent', 'Process Improvement', 'Process', 'Default', 'India', NULL, 'Process Optimization Superintendent', 'Male', 'Default', '2018-10-06 00:00:00', 'Expatriate'),
(3692, 'Employee Name 551', 'Cladtek', 'Facility Maintenance - Mechanic', 'Contract', 'Maintenance & Engineering', 'Facility Operations', 'Single', 'Jawa', 'Vocational High School', 'Facility Maintenance - Mechanic', 'Male', 'Islam', '2018-10-16 00:00:00', 'Contract'),
(3704, 'Employee Name 552', 'Cladtek', 'Facility Maintenance - Electrical', 'Contract', 'Maintenance & Engineering', 'Facility Operations', 'Single', 'Jawa', 'Senior High School', 'Facility Maintenance - Electrical', 'Male', 'Default', '2018-10-22 00:00:00', 'Contract'),
(3714, 'Employee Name 553', 'Cladtek', 'General Manager', 'Permanent', 'Cladtek', 'Manager', 'Default', 'Expat', NULL, 'General Manager', 'Male', 'Default', '2018-10-01 00:00:00', 'Expatriate'),
(3717, 'Employee Name 554', 'Cladtek', 'Assistant HR Manager', 'Contract', 'Human Resources', 'Manager', 'Married', 'Jawa', 'S1', 'Assistant HR Manager', 'Male', 'Islam', '2018-11-08 00:00:00', 'Contract'),
(3718, 'Employee Name 555', 'Cladtek', 'Facility Maintenance', 'Contract', 'Maintenance & Engineering', 'Facility Operations', 'Married', 'Jawa', 'Vocational High School', 'Facility Maintenance - Mechanic', 'Male', 'Islam', '2018-11-08 00:00:00', 'Contract'),
(3721, 'Employee Name 556', 'Cladtek', 'Production Operator', 'Contract', 'Production', 'Machine Shop', 'Married', 'Batak', 'Vocational High School', 'Production Operator - Machine Shop', 'Male', 'Christian', '2018-11-14 00:00:00', 'Contract'),
(3742, 'Employee Name 557', 'Cladtek', 'Production Operator', 'Contract', 'Production', 'Machine Shop', 'Married', 'Sunda', 'D3', 'Production Operator - Machine Shop', 'Male', 'Islam', '2018-11-28 00:00:00', 'Contract'),
(3745, 'Employee Name 558', 'Cladtek', 'Facility Maintenance - Electrical', 'Contract', 'Maintenance & Engineering', 'Facility Operations', 'Single', 'Minang', 'Vocational High School', 'Facility Maintenance - Electrical', 'Male', 'Islam', '2018-12-03 00:00:00', 'Contract'),
(3749, 'Employee Name 559', 'Cladtek', 'Production Operator', 'Contract', 'Production', 'Spool Fab. Fitter', 'Married', 'Jawa', 'Vocational High School', 'Production Operator - Spool Fab. Fitter', 'Male', 'Islam', '2018-12-19 00:00:00', 'Contract'),
(3750, 'Employee Name 560', 'Cladtek', 'Production Operator', 'Contract', 'Production', 'Spool Fab. Fitter', 'Married', 'Jawa', 'Vocational High School', 'Production Operator - Spool Fab. Fitter', 'Male', 'Islam', '2018-12-19 00:00:00', 'Contract'),
(3752, 'Employee Name 561', 'Cladtek', 'Production Operator', 'Contract', 'Production', 'Spool Fab. Fitter', 'Married', 'Palembang', 'Senior High School', 'Production Operator - Spool Fab. Fitter', 'Male', 'Islam', '2018-12-19 00:00:00', 'Contract'),
(3754, 'Employee Name 562', 'Cladtek', 'Production Operator', 'Contract', 'Production', 'Spool Fab. Fitter', 'Married', 'Jawa', 'Vocational High School', 'Production Operator - Spool Fab. Fitter', 'Male', 'Islam', '2018-12-19 00:00:00', 'Contract'),
(3756, 'Employee Name 563', 'Cladtek', 'Sr. MD NDE Technician ', 'Contract', 'Quality Control', 'NDE', 'Married', 'Batak', 'Vocational High School', 'Sr. NDE Technician 1', 'Male', 'Christian', '2018-12-24 00:00:00', 'Contract'),
(3758, 'Employee Name 564', 'Cladtek', 'Production Operator', 'Contract', 'Production', 'Spool Fab. Fitter', 'Married', 'Minang', 'Vocational High School', 'Production Operator - Spool Fab. Fitter', 'Male', 'Islam', '2018-12-24 00:00:00', 'Contract'),
(3759, 'Employee Name 565', 'Cladtek', 'Sr. QC Inspector', 'Contract', 'Quality Control', 'Quality Control', 'Married', 'Minang', 'Vocational High School', 'Sr. QC Inspector 1', 'Male', 'Islam', '2019-01-10 00:00:00', 'Contract'),
(3764, 'Employee Name 566', 'Cladtek', 'Machining Operator', 'Contract', 'Production', 'Machine Shop', 'Married', 'Melayu', 'Senior High School', 'Production Operator - Machine Shop', 'Male', 'Islam', '2019-02-01 00:00:00', 'Contract'),
(3767, 'Employee Name 567', 'Cladtek', 'SCADA & OS Engineer', 'Contract', 'Production Automation', 'Engineering & Automation', 'Single', 'Jawa', 'S1', 'SCADA & OS Engineer\n', 'Male', 'Catholic', '2019-02-25 00:00:00', 'Contract'),
(3769, 'Employee Name 568', 'Cladtek', 'Junior Network Engineer', 'Contract', 'ITES', 'IT', 'Married', 'Melayu', 'S1', 'Asst. IT Engineer\n', 'Male', 'Islam', '2019-03-04 00:00:00', 'Contract'),
(3770, 'Employee Name 569', 'Cladtek', 'QC Engineer', 'Contract', 'Quality Control', 'Quality Control', 'Married', 'Batak', 'S1', 'QC Engineer', 'Male', 'Christian', '2019-03-18 00:00:00', 'Contract'),
(3773, 'Employee Name 570', 'Cladtek', 'Safety Engineer', 'Contract', 'Health, Safety, & Environment', 'HSE', 'Married', 'Batak', NULL, 'Safety Engineer', 'Male', 'Christian', '2019-03-26 00:00:00', 'Contract'),
(3775, 'Employee Name 571', 'Cladtek', 'ERP Administrator', 'Contract', 'ITES', 'EPICOR', 'Single', 'Sulawesi', 'D3', 'Sr. Epicor Admin', 'Female', 'Islam', '2019-04-01 00:00:00', 'Contract'),
(3778, 'Employee Name 572', 'Cladtek', 'Maintenance Mechanic', 'Contract', 'Maintenance & Engineering', 'Maintenance', 'Married', 'Melayu', NULL, 'Technician - Mechanic 2', 'Male', 'Islam', '2019-05-13 00:00:00', 'Contract'),
(3784, 'Employee Name 573', 'Cladtek', 'Machining Operator', 'Contract', 'Production', 'Machine Shop', 'Married', 'Batak', NULL, 'Production Operator - MLP 1', 'Male', 'Christian', '2019-05-20 00:00:00', 'Contract'),
(3796, 'Employee Name 574', 'Cladtek', 'Production Operator', 'Contract', 'Production', 'MLP', 'Single', 'Bugis', NULL, 'Production Operator - MLP 1', 'Male', 'Islam', '2019-05-20 00:00:00', 'Contract'),
(3801, 'Employee Name 575', 'Cladtek', 'Production Operator', 'Contract', 'Production', 'MLP', 'Married', 'Batak', NULL, 'Production Operator - MLP 1', 'Male', 'Christian', '2019-05-20 00:00:00', 'Contract'),
(3803, 'Employee Name 576', 'Cladtek', 'Production Operator', 'Contract', 'Production', 'Liner', 'Single', 'Melayu', NULL, 'Production Operator - MLP 2', 'Male', 'Islam', '2019-05-20 00:00:00', 'Contract'),
(3810, 'Employee Name 577', 'Cladtek', 'Automation Programmer', 'Contract', 'Production Automation', 'Engineering & Automation', 'Single', 'Manado', NULL, 'Automation Programmer', 'Male', 'Christian', '2019-06-01 00:00:00', 'Contract'),
(3812, 'Employee Name 578', 'Cladtek', 'Production Operator', 'Contract', 'Production', 'MLP', 'Married', 'Minang', NULL, 'Production Operator - MLP 1', 'Male', 'Islam', '2019-06-03 00:00:00', 'Contract'),
(3813, 'Employee Name 579', 'Cladtek', 'Production Operator', 'Contract', 'Production', 'Liner', 'Married', 'Minang', NULL, 'Production Operator - MLP 2', 'Male', 'Islam', '2019-06-03 00:00:00', 'Contract'),
(3814, 'Employee Name 580', 'Cladtek', 'Production Operator', 'Contract', 'Production', 'Liner', 'Single', 'Aceh', NULL, 'Production Operator - MLP 1', 'Male', 'Islam', '2019-06-03 00:00:00', 'Contract'),
(3815, 'Employee Name 581', 'Cladtek', 'Production Operator', 'Contract', 'Production', 'Liner', 'Single', 'Aceh', NULL, 'Production Operator - MLP 2', 'Male', 'Islam', '2019-06-03 00:00:00', 'Contract'),
(3824, 'Employee Name 582', 'Cladtek', 'Sr. Accountant Supervisor ', 'Contract', 'Finance & Accounting', 'Finance', 'Single', 'Tionghoa', NULL, 'Sr. Accountant Supervisor \n', 'Male', 'Buddha', '2019-06-12 00:00:00', 'Contract'),
(3825, 'Employee Name 583', 'Cladtek', 'QA Manager', 'Contract', 'Quality Assurance', 'Manager', 'Single', 'Batak', NULL, 'Quality Assurance Manager', 'Female', 'Christian', '2019-06-14 00:00:00', 'Contract'),
(3827, 'Employee Name 584', 'Cladtek', 'QC Inspector', 'Contract', 'Quality Control', 'Quality Control', 'Single', 'Rejang', NULL, 'QC Inspector 1', 'Male', 'Islam', '2019-06-24 00:00:00', 'Contract'),
(3829, 'Employee Name 585', 'Cladtek', 'Cleaner HSE', 'Contract', 'Health, Safety, & Environment', 'HSE', 'Married', 'Jawa', NULL, 'Cleaner HSE', 'Male', 'Islam', '2019-06-24 00:00:00', 'Contract'),
(3833, 'Employee Name 586', 'Cladtek', 'Production Operator', 'Contract', 'Production', 'MLP', 'Single', 'Jawa', NULL, 'Production Operator - MLP 1', 'Male', 'Islam', '2019-06-28 00:00:00', 'Contract'),
(3834, 'Employee Name 587', 'Cladtek', 'Production Operator', 'Contract', 'Production', 'MLP', 'Married', 'Minang', NULL, 'Production Operator - MLP 2', 'Male', 'Islam', '2019-06-28 00:00:00', 'Contract'),
(3835, 'Employee Name 588', 'Cladtek', 'Production Operator', 'Contract', 'Production', 'Spool Fab. Fitter', 'Married', 'Jawa', NULL, 'Production Operator - Spool Fab. Fitter', 'Male', 'Christian', '2019-06-28 00:00:00', 'Contract'),
(3836, 'Employee Name 589', 'Cladtek', 'Production Operator', 'Contract', 'Production', 'MLP', 'Married', 'Jawa', NULL, 'Production Operator - MLP 2', 'Male', 'Islam', '2019-06-28 00:00:00', 'Contract'),
(3837, 'Employee Name 590', 'Cladtek', 'Production Operator', 'Contract', 'Production', 'Liner', 'Single', 'Minang', NULL, 'Production Operator - MLP 2', 'Male', 'Islam', '2019-06-28 00:00:00', 'Contract'),
(3838, 'Employee Name 591', 'Cladtek', 'Production Operator', 'Contract', 'Production', 'Spool Fab. Fitter', 'Married', 'Mandailing', NULL, 'Production Operator - Spool Fab. Fitter', 'Male', 'Islam', '2019-06-28 00:00:00', 'Contract'),
(3839, 'Employee Name 592', 'Cladtek', 'Production Operator', 'Contract', 'Production', 'Liner', 'Single', 'Bugis', NULL, 'Production Operator - MLP 2', 'Male', 'Islam', '2019-06-28 00:00:00', 'Contract'),
(3840, 'Employee Name 593', 'Cladtek', 'Production Operator', 'Contract', 'Production', 'Liner', 'Single', 'Melayu', NULL, 'Production Operator - MLP 2', 'Male', 'Islam', '2019-06-28 00:00:00', 'Contract'),
(3841, 'Employee Name 594', 'Cladtek', 'Production Operator', 'Contract', 'Production', 'Liner', 'Single', 'Palembang', NULL, 'Production Operator - MLP 1', 'Male', 'Islam', '2019-06-28 00:00:00', 'Contract'),
(3842, 'Employee Name 595', 'Cladtek', 'Production Operator', 'Contract', 'Production', 'Spool Fab. Fitter', 'Married', 'Nias', NULL, 'Production Operator - Spool Fab. Fitter', 'Male', 'Christian', '2019-06-28 00:00:00', 'Contract'),
(3843, 'Employee Name 596', 'Cladtek', 'Production Operator', 'Contract', 'Production', 'MLP', 'Married', 'Minang', NULL, 'Production Operator - MLP 2', 'Male', 'Islam', '2019-06-28 00:00:00', 'Contract'),
(3844, 'Employee Name 597', 'Cladtek', 'Production Operator', 'Contract', 'Production', 'MLP', 'Single', 'Batak', NULL, 'Production Operator - MLP 1', 'Male', 'Christian', '2019-06-28 00:00:00', 'Contract'),
(3845, 'Employee Name 598', 'Cladtek', 'Production Operator', 'Contract', 'Production', 'MLP', 'Married', 'Manado', NULL, 'Production Operator - MLP 1', 'Male', 'Islam', '2019-06-28 00:00:00', 'Contract'),
(3846, 'Employee Name 599', 'Cladtek', 'Production Operator', 'Contract', 'Production', 'MLP', 'Married', 'Minang', NULL, 'Production Operator - MLP 1', 'Male', 'Islam', '2019-06-28 00:00:00', 'Contract'),
(3848, 'Employee Name 600', 'Cladtek', 'Production Operator', 'Contract', 'Production', 'MLP', 'Single', 'Batak', NULL, 'Production Operator - MLP 2', 'Male', 'Christian', '2019-06-28 00:00:00', 'Contract'),
(3849, 'Employee Name 601', 'Cladtek', 'Production Operator', 'Contract', 'Production', 'MLP', 'Married', 'Batak', NULL, 'Production Operator - MLP 2', 'Male', 'Christian', '2019-06-28 00:00:00', 'Contract'),
(3851, 'Employee Name 602', 'Cladtek', 'Production Operator', 'Contract', 'Production', 'MLP', 'Married', 'Batak', 'Senior High School', 'Production Operator - MLP 1', 'Male', 'Christian', '2019-06-28 00:00:00', 'Contract'),
(3855, 'Employee Name 603', 'Cladtek', 'Production Operator', 'Contract', 'Production', 'Spool Fab. Fitter', 'Married', 'Jawa', NULL, 'Production Operator - Spool Fab. Fitter', 'Male', 'Islam', '2019-07-01 00:00:00', 'Contract'),
(3856, 'Employee Name 604', 'Cladtek', 'Design Engineer', 'Contract', 'Technical', 'Design', 'Married', 'Bali', NULL, 'Design Engineer', 'Male', 'Islam', '2019-07-01 00:00:00', 'Contract'),
(3858, 'Employee Name 605', 'Cladtek', 'NDE Technician', 'Contract', 'Quality Control', 'NDE', 'Married', 'Jawa', NULL, 'NDE Technician', 'Male', 'Islam', '2019-07-12 00:00:00', 'Contract'),
(3861, 'Employee Name 606', 'Cladtek', 'QC Inspector', 'Contract', 'Quality Control', 'Quality Control', 'Single', 'Batak', NULL, 'QC Inspector 2', 'Male', 'Christian', '2019-07-12 00:00:00', 'Contract'),
(3864, 'Employee Name 607', 'Cladtek', 'NDE Technician', 'Contract', 'Quality Control', 'NDE', 'Married', 'Batak', NULL, 'Sr. NDE Technician 2', 'Male', 'Christian', '2019-07-16 00:00:00', 'Contract'),
(3865, 'Employee Name 608', 'Cladtek', 'NDE Technician', 'Contract', 'Quality Control', 'NDE', 'Single', 'Manado', NULL, 'NDE Technician', 'Male', 'Christian', '2019-07-16 00:00:00', 'Contract'),
(3870, 'Employee Name 609', 'Cladtek', 'QC Inspector', 'Contract', 'Quality Control', 'Quality Control', 'Single', 'Batak', NULL, 'QC Inspector 2', 'Male', 'Christian', '2019-07-19 00:00:00', 'Contract'),
(3873, 'Employee Name 610', 'Cladtek', 'QC Inspector', 'Contract', 'Quality Control', 'Quality Control', 'Married', 'Batak', NULL, 'QC Inspector 2', 'Male', 'Christian', '2019-07-19 00:00:00', 'Contract'),
(3874, 'Employee Name 611', 'Cladtek', 'Production Operator', 'Contract', 'Production', 'Spool Fab. Fitter', 'Single', 'Aceh', NULL, 'Production Operator - Spool Fab. Fitter', 'Male', 'Islam', '2019-07-23 00:00:00', 'Contract'),
(3875, 'Employee Name 612', 'Cladtek', 'Production Foreman', 'Contract', 'Production', 'Spool Fab. Fitter', 'Married', 'Jawa', NULL, 'Production Foreman - Spool Fab. Fitter', 'Male', 'Islam', '2019-07-23 00:00:00', 'Contract'),
(3876, 'Employee Name 613', 'Cladtek', 'Production Operator', 'Contract', 'Production', 'Spool Fab. Fitter', 'Married', 'Jawa', 'Senior High School', 'Production Operator - Spool Fab. Fitter', 'Male', 'Islam', '2019-07-23 00:00:00', 'Contract'),
(3879, 'Employee Name 614', 'Cladtek', 'Sr. QC Inspector', 'Contract', 'Quality Control', 'Quality Control', 'Married', 'Jawa', 'D3', 'Sr. QC Inspector 1', 'Male', 'Islam', '2019-07-23 00:00:00', 'Contract'),
(3880, 'Employee Name 615', 'Cladtek', 'QC Inspector', 'Contract', 'Quality Control', 'Quality Control', 'Single', 'Batak', NULL, 'QC Inspector 1', 'Male', 'Islam', '2019-07-23 00:00:00', 'Contract'),
(3882, 'Employee Name 616', 'Cladtek', 'Sr. QC Inspector', 'Contract', 'Quality Control', 'Quality Control', 'Married', 'Batak', 'S1', 'Sr. QC Inspector 1', 'Male', 'Christian', '2019-07-23 00:00:00', 'Contract'),
(3883, 'Employee Name 617', 'Cladtek', 'QC Inspector', 'Contract', 'Quality Control', 'Quality Control', 'Married', 'Minang', NULL, 'QC Inspector 1', 'Male', 'Islam', '2019-07-23 00:00:00', 'Contract'),
(3885, 'Employee Name 618', 'Cladtek', 'Assistant Project Engineer', 'Contract', 'Project', 'Project', 'Single', 'Tionghoa', NULL, 'Assistant Project Engineer 8', 'Male', 'Christian', '2019-07-24 00:00:00', 'Contract'),
(3889, 'Employee Name 619', 'Cladtek', 'Document Controller', 'Contract', 'Project', 'Doc. Controller', 'Single', 'Melayu', NULL, 'Project Document Controller', 'Female', 'Islam', '2019-07-29 00:00:00', 'Contract'),
(3890, 'Employee Name 620', 'Cladtek', 'Production Operator', 'Contract', 'Production', 'Machine Shop', 'Married', 'Batak', NULL, 'Production Operator - Machine Shop', 'Male', 'Christian', '2019-07-29 00:00:00', 'Contract'),
(3893, 'Employee Name 621', 'Cladtek', 'Production Operator', 'Contract', 'Production', 'Machine Shop', 'Single', 'Melayu', 'Vocational High School', 'Production Operator - Machine Shop', 'Male', 'Islam', '2019-07-29 00:00:00', 'Contract'),
(3895, 'Employee Name 622', 'Cladtek', 'Production Operator', 'Contract', 'Production', 'Spool Fab. Fitter', 'Married', 'Jawa', 'Vocational High School', 'Production Operator - Spool Fab. Fitter', 'Male', 'Islam', '2019-07-29 00:00:00', 'Contract'),
(3901, 'Employee Name 623', 'Cladtek', 'QC Inspector', 'Contract', 'Quality Control', 'Quality Control', 'Married', 'Batak', NULL, 'QC Inspector 1', 'Male', 'Christian', '2019-07-29 00:00:00', 'Contract'),
(3903, 'Employee Name 624', 'Cladtek', 'QC Inspector', 'Contract', 'Quality Control', 'Quality Control', 'Married', 'Batak', NULL, 'QC Inspector 1', 'Male', 'Christian', '2019-07-29 00:00:00', 'Contract'),
(3904, 'Employee Name 625', 'Cladtek', 'Production Operator', 'Contract', 'Production', 'Machine Shop', 'Married', 'Jawa', NULL, 'Production Operator - Machine Shop', 'Male', 'Islam', '2019-07-29 00:00:00', 'Contract'),
(3907, 'Employee Name 626', 'Cladtek', 'System Development Programmer', 'Contract', 'Production Automation', 'System Development', 'Single', 'Tionghoa', NULL, 'System Development Programmer\n', 'Female', 'Buddha', '2019-08-12 00:00:00', 'Contract'),
(3908, 'Employee Name 627', 'Cladtek', 'Technical Engineer', 'Contract', 'Technical', NULL, 'Single', 'Jawa', NULL, 'Technical Engineer', 'Female', 'Islam', '2019-08-12 00:00:00', 'Contract'),
(3913, 'Employee Name 628', 'Cladtek', 'Rigger', 'Contract', 'Production', 'Material Movement', 'Married', 'Batak', 'Vocational High School', 'Mobile Crane Operator', 'Male', 'Christian', '2019-08-19 00:00:00', 'Contract'),
(3920, 'Employee Name 629', 'Cladtek', 'Production Operator', 'Contract', 'Production', 'Spool Fab. Fitter', 'Single', 'Jawa', NULL, 'Production Operator - Spool Fab. Fitter', 'Male', 'Islam', '2019-08-19 00:00:00', 'Contract'),
(3921, 'Employee Name 630', 'Cladtek', 'Production Operator', 'Contract', 'Production', 'Spool Fab. Fitter', 'Married', 'Minang', NULL, 'Production Operator - Spool Fab. Fitter', 'Male', 'Islam', '2019-08-19 00:00:00', 'Contract'),
(3924, 'Employee Name 631', 'Cladtek', 'Production Operator', 'Contract', 'Production', 'Spool Fab. Fitter', 'Single', 'Palembang', NULL, 'Production Operator - Spool Fab. Fitter', 'Male', 'Islam', '2019-08-19 00:00:00', 'Contract'),
(3925, 'Employee Name 632', 'Cladtek', 'Production Operator', 'Contract', 'Production', 'Spool Fab. Fitter', 'Married', 'Jawa', NULL, 'Production Operator - Spool Fab. Fitter', 'Male', 'Islam', '2019-08-19 00:00:00', 'Contract'),
(3933, 'Employee Name 633', 'Cladtek', 'QC Inspector', 'Contract', 'Quality Control', 'Quality Control', 'Single', 'Batak', NULL, 'QC Inspector 1', 'Male', 'Christian', '2019-08-19 00:00:00', 'Contract'),
(3952, 'Employee Name 634', 'Cladtek', 'Production Operator', 'Contract', 'Production', 'Spool Fab. Fitter', 'Single', 'Jawa', NULL, 'Production Operator - Spool Fab. Fitter', 'Male', 'Islam', '2019-08-26 00:00:00', 'Contract'),
(3953, 'Employee Name 635', 'Cladtek', 'Production Operator', 'Contract', 'Production', 'Spool Fab. Fitter', 'Married', 'Jawa', NULL, 'Production Operator - Spool Fab. Fitter', 'Male', 'Islam', '2019-08-26 00:00:00', 'Contract'),
(3954, 'Employee Name 636', 'Cladtek', 'Production Operator', 'Contract', 'Production', 'Spool Fab. Fitter', 'Married', 'Sunda', NULL, 'Production Operator - Spool Fab. Fitter', 'Male', 'Islam', '2019-08-26 00:00:00', 'Contract'),
(3955, 'Employee Name 637', 'Cladtek', 'Production Operator', 'Contract', 'Production', 'Spool Fab. Fitter', 'Married', 'Melayu', NULL, 'Production Operator - Spool Fab. Fitter', 'Male', 'Islam', '2019-08-26 00:00:00', 'Contract'),
(3956, 'Employee Name 638', 'Cladtek', 'Production Operator', 'Contract', 'Production', 'Spool Fab. Fitter', 'Married', 'Jawa', NULL, 'Production Operator - Spool Fab. Fitter', 'Male', 'Islam', '2019-08-26 00:00:00', 'Contract'),
(3957, 'Employee Name 639', 'Cladtek', 'Production Operator', 'Contract', 'Production', 'Spool Fab. Fitter', 'Married', 'Jawa', NULL, 'Production Operator - Spool Fab. Fitter', 'Male', 'Islam', '2019-08-26 00:00:00', 'Contract'),
(3963, 'Employee Name 640', 'Cladtek', 'Machining Operator', 'Contract', 'Production', 'Machine Shop', 'Single', 'Jawa', NULL, 'Production Operator - Machine Shop', 'Male', 'Islam', '2019-08-26 00:00:00', 'Contract'),
(3967, 'Employee Name 641', 'Cladtek', 'Machining Operator', 'Contract', 'Production', 'Machine Shop', 'Single', 'Batak', NULL, 'Production Operator - MLP 1', 'Male', 'Christian', '2019-08-26 00:00:00', 'Contract'),
(3972, 'Employee Name 642', 'Cladtek', 'Production Operator', 'Contract', 'Production', 'Spool Fab. Fitter', 'Married', 'Jawa', 'Vocational High School', 'Production Operator - Spool Fab. Fitter', 'Male', 'Islam', '2019-08-30 00:00:00', 'Contract'),
(3974, 'Employee Name 643', 'Cladtek', 'NDE Technician', 'Contract', 'Quality Control', 'NDE', 'Married', 'Melayu', 'Senior High School', 'NDE Technician', 'Male', 'Islam', '2019-08-30 00:00:00', 'Contract'),
(3977, 'Employee Name 644', 'Cladtek', 'Sr. QC Inspector', 'Contract', 'Quality Control', 'Quality Control', 'Married', 'Batak', NULL, 'Sr. QC Inspector 1', 'Male', 'Christian', '2019-09-06 00:00:00', 'Contract'),
(3978, 'Employee Name 645', 'Cladtek', 'QC Inspector', 'Contract', 'Quality Control', 'Quality Control', 'Married', 'Batak', NULL, 'QC Inspector 1', 'Male', 'Christian', '2019-09-11 00:00:00', 'Contract'),
(3979, 'Employee Name 646', 'Cladtek', 'QC Inspector', 'Contract', 'Quality Control', 'Quality Control', 'Single', 'Tionghoa', NULL, 'QC Inspector 1', 'Male', 'Christian', '2019-09-11 00:00:00', 'Contract'),
(3993, 'Employee Name 647', 'Cladtek', 'Production Operator', 'Contract', 'Production', 'SHV', 'Single', 'Jawa', 'D3', 'Production Operator - SHV', 'Female', 'Islam', '2019-09-13 00:00:00', 'Contract'),
(3995, 'Employee Name 648', 'Cladtek', 'QA Engineer', 'Contract', 'Quality Assurance', 'QA', 'Single', 'Minang', 'S1', 'QA Engineer', 'Female', 'Islam', '2019-09-13 00:00:00', 'Contract'),
(4001, 'Employee Name 649', 'Cladtek', 'Security', 'Contract', 'Human Resources', 'Security', 'Single', 'Jawa', 'Senior High School', 'Security', 'Male', 'Islam', '2019-09-23 00:00:00', 'Contract'),
(4006, 'Employee Name 650', 'Cladtek', 'Facility Maintenance', 'Contract', 'Maintenance & Engineering', 'Facility Operations', 'Single', 'Jawa', NULL, 'Facility Maintenance - Mechanic', 'Male', 'Islam', '2019-09-27 00:00:00', 'Contract'),
(4007, 'Employee Name 651', 'Cladtek', 'Technician - Mechanic', 'Contract', 'Maintenance & Engineering', 'Maintenance', 'Married', 'Batak', NULL, 'Technician - Mechanic 2', 'Male', 'Christian', '2019-09-30 00:00:00', 'Contract'),
(4008, 'Employee Name 652', 'Cladtek', 'Facility Maintenance', 'Contract', 'Maintenance & Engineering', 'Facility Operations', 'Single', 'Minang', NULL, 'Facility Maintenance - Mechanic', 'Male', 'Islam', '2019-09-30 00:00:00', 'Contract'),
(4011, 'Employee Name 653', 'Cladtek', 'Facility Maintenance - Electrical', 'Contract', 'Maintenance & Engineering', 'Facility Operations', 'Married', 'Jawa', 'Vocational High School', 'Facility Maintenance - Electrical', 'Male', 'Islam', '2019-10-03 00:00:00', 'Contract'),
(4012, 'Employee Name 654', 'Cladtek', 'PM Technician', 'Contract', 'Maintenance & Engineering', 'Maintenance', 'Single', 'Batak', 'Vocational High School', 'Technician - Electric 1', 'Male', 'Christian', '2019-10-03 00:00:00', 'Contract'),
(4015, 'Employee Name 655', 'Cladtek', 'NDT Document Controller', 'Contract', 'Quality Control', 'QC Documentation', 'Single', 'Melayu', 'Vocational High School', 'NDE Document Controller 1', 'Female', 'Islam', '2019-10-07 00:00:00', 'Contract'),
(4016, 'Employee Name 656', 'Cladtek', 'PM Technician', 'Contract', 'Maintenance & Engineering', 'Maintenance', 'Married', 'Batak', 'Senior High School', 'Technician - Electric 2', 'Male', 'Christian', '2019-10-08 00:00:00', 'Contract'),
(4018, 'Employee Name 657', 'Cladtek', 'Automation Programmer', 'Contract', 'Production Automation', 'Engineering & Automation', 'Single', 'Jawa', 'D4', 'Automation Programmer', 'Male', 'Islam', '2019-10-08 00:00:00', 'Contract'),
(4019, 'Employee Name 658', 'Cladtek', 'PM Technician', 'Contract', 'Maintenance & Engineering', 'Maintenance', 'Single', 'Melayu', NULL, 'Technician - Electric 1', 'Male', 'Islam', '2019-10-09 00:00:00', 'Contract'),
(4020, 'Employee Name 659', 'Cladtek', 'Facility Maintenance - Mechanic', 'Contract', 'Maintenance & Engineering', 'Facility Operations', 'Married', 'Jawa', 'Vocational High School', 'Facility Maintenance - Mechanic', 'Male', 'Islam', '2019-10-14 00:00:00', 'Contract'),
(4021, 'Employee Name 660', 'Cladtek', 'Technician - Mechanic', 'Contract', 'Maintenance & Engineering', 'Maintenance', 'Married', 'Batak', 'Vocational High School', 'Technician - Mechanic 2', 'Male', 'Christian', '2019-10-14 00:00:00', 'Contract'),
(4032, 'Employee Name 661', 'Cladtek', 'Technician - Electric', 'Contract', 'Maintenance & Engineering', 'Maintenance', 'Single', 'Jawa', 'Vocational High School', 'Technician - Electric 1', 'Male', 'Islam', '2019-10-14 00:00:00', 'Contract'),
(4038, 'Employee Name 662', 'Cladtek', 'PM Technician', 'Contract', 'Maintenance & Engineering', 'Maintenance', 'Married', 'Jawa', 'S1', 'Technician - Electric 1', 'Male', 'Islam', '2019-10-18 00:00:00', 'Contract'),
(4039, 'Employee Name 663', 'Cladtek', 'Technician - Mechanic', 'Contract', 'Maintenance & Engineering', 'Maintenance', 'Married', 'Batak', 'Vocational High School', 'Technician - Mechanic 1', 'Male', 'Christian', '2019-10-18 00:00:00', 'Contract'),
(4041, 'Employee Name 664', 'Cladtek', 'Maintenance Foreman 2', 'Contract', 'Maintenance & Engineering', 'Maintenance', 'Married', 'Batak', 'S1', 'Maintenance Foreman 2', 'Male', 'Catholic', '2019-10-18 00:00:00', 'Contract'),
(4042, 'Employee Name 665', 'Cladtek', 'Store Clerk', 'Contract', 'Supply Chain Management', 'Store', 'Single', 'Batak', 'D4', 'Store Clerk', 'Female', 'Christian', '2019-10-18 00:00:00', 'Contract'),
(4044, 'Employee Name 666', 'Cladtek', 'Technician - Mechanic', 'Contract', 'Maintenance & Engineering', 'Maintenance', 'Married', 'Jawa', 'Vocational High School', 'Technician - Mechanic 1', 'Male', 'Islam', '2019-10-22 00:00:00', 'Contract'),
(4045, 'Employee Name 667', 'Cladtek', 'Store Clerk', 'Contract', 'Supply Chain Management', 'Store', 'Single', 'Batak', 'Vocational High School', 'Store Clerk', 'Female', 'Christian', '2019-10-25 00:00:00', 'Contract'),
(4047, 'Employee Name 668', 'Cladtek', 'Technician - Mechanic', 'Contract', 'Maintenance & Engineering', 'Maintenance', 'Married', 'Batak', 'Vocational High School', 'Technician - Mechanic 1', 'Male', 'Christian', '2019-10-25 00:00:00', 'Contract'),
(4052, 'Employee Name 669', 'Cladtek', 'Production Operator', 'Contract', 'Production', 'MLP', 'Single', 'Batak', 'Vocational High School', 'Production Operator - MLP 1', 'Male', 'Christian', '2019-10-28 00:00:00', 'Contract'),
(4053, 'Employee Name 670', 'Cladtek', 'Production Operator', 'Contract', 'Production', 'Spool Fab. Fitter', 'Single', 'Batak', 'Vocational High School', 'Production Operator - Spool Fab. Fitter', 'Male', 'Christian', '2019-10-28 00:00:00', 'Contract'),
(4054, 'Employee Name 671', 'Cladtek', 'Production Operator', 'Contract', 'Production', 'Spool Fab. Fitter', 'Single', 'Minang', 'Vocational High School', 'Production Operator - Spool Fab. Fitter', 'Male', 'Islam', '2019-10-28 00:00:00', 'Contract'),
(4055, 'Employee Name 672', 'Cladtek', 'Production Operator', 'Contract', 'Production', 'MLP', 'Single', 'Melayu', 'Vocational High School', 'Production Operator - MLP 2', 'Male', 'Islam', '2019-10-28 00:00:00', 'Contract'),
(4056, 'Employee Name 673', 'Cladtek', 'PM Technician', 'Contract', 'Maintenance & Engineering', 'Maintenance', 'Married', 'Batak', 'Senior High School', 'Technician - Electric 1', 'Male', 'Christian', '2019-10-28 00:00:00', 'Contract'),
(4057, 'Employee Name 674', 'Cladtek', 'PM Technician', 'Contract', 'Maintenance & Engineering', 'Maintenance', 'Married', 'Minang', 'Vocational High School', 'Technician - Electric 1', 'Male', 'Islam', '2019-10-28 00:00:00', 'Contract');
INSERT INTO `employee` (`Employee_Number`, `Name`, `Company`, `Designation`, `Employment_Status`, `Department`, `Section`, `Marital_Status`, `Ethnic`, `Highest_Educational_Level`, `Main_Position`, `Sex`, `Religion`, `Join_Date`, `Employment_Status_1`) VALUES
(4058, 'Employee Name 675', 'Cladtek', 'Technician - Mechanic', 'Contract', 'Maintenance & Engineering', 'Maintenance', 'Married', 'Jawa', 'Senior High School', 'Technician - Mechanic 1', 'Male', 'Islam', '2019-10-28 00:00:00', 'Contract'),
(4059, 'Employee Name 676', 'Cladtek', 'Technician - Mechanic', 'Contract', 'Maintenance & Engineering', 'Maintenance', 'Married', 'Batak', 'Senior High School', 'Technician - Mechanic 1', 'Male', 'Christian', '2019-10-28 00:00:00', 'Contract'),
(4060, 'Employee Name 677', 'Cladtek', 'PM Technician', 'Contract', 'Maintenance & Engineering', 'Maintenance', 'Single', 'Melayu', NULL, 'Technician - Electric 1', 'Male', 'Islam', '2019-10-29 00:00:00', 'Contract'),
(4062, 'Employee Name 678', 'Cladtek', 'QC Inspector', 'Contract', 'Quality Control', 'Quality Control', 'Married', 'Batak', NULL, 'QC Inspector 1', 'Male', 'Christian', '2019-11-04 00:00:00', 'Contract'),
(4063, 'Employee Name 679', 'Cladtek', 'Facility Maintenance - Electrical', 'Contract', 'Maintenance & Engineering', 'Facility Operations', 'Married', 'Sunda', NULL, 'Facility Maintenance - Electrical', 'Male', 'Islam', '2019-11-05 00:00:00', 'Contract'),
(4067, 'Employee Name 680', 'Cladtek', 'QC Inspector', 'Contract', 'Quality Control', 'Quality Control', 'Single', 'Aceh', 'Vocational High School', 'QC Inspector 1', 'Male', 'Islam', '2019-11-13 00:00:00', 'Contract'),
(4070, 'Employee Name 681', 'Cladtek', 'Production Operator', 'Contract', 'Production', 'Manual Repair', 'Single', 'Melayu', 'Vocational High School', 'Production Operator - Manual Repair', 'Male', 'Islam', '2019-11-14 00:00:00', 'Contract'),
(4081, 'Employee Name 682', 'Cladtek', 'Automation Programmer', 'Contract', 'Production Automation', 'Engineering & Automation', 'Single', 'Jawa', NULL, 'Automation Programmer', 'Male', 'Islam', '2019-11-18 00:00:00', 'Contract'),
(4084, 'Employee Name 683', 'Cladtek', 'Production Operator', 'Contract', 'Production', 'Bending & HT', 'Married', 'Batak', NULL, 'Production Operator - Bending & HT', 'Male', 'Christian', '2019-11-19 00:00:00', 'Contract'),
(4085, 'Employee Name 684', 'Cladtek', 'Production Operator', 'Contract', 'Production', 'Bending & HT', 'Single', 'Palembang', NULL, 'Production Operator - Bending & HT', 'Male', 'Islam', '2019-11-19 00:00:00', 'Contract'),
(4087, 'Employee Name 685', 'Cladtek', 'NDE Technician', 'Contract', 'Quality Control', 'NDE', 'Single', 'Batak', NULL, 'NDE Technician 1', 'Male', 'Christian', '2019-11-19 00:00:00', 'Contract'),
(4088, 'Employee Name 686', 'Cladtek', 'NDE Technician', 'Contract', 'Quality Control', 'NDE', 'Married', 'Jawa', 'Vocational High School', 'NDE Technician 1', 'Male', 'Islam', '2019-11-19 00:00:00', 'Contract'),
(4089, 'Employee Name 687', 'Cladtek', 'Store Keeper', 'Contract', 'Supply Chain Management', 'Store', 'Single', 'Batak', 'Vocational High School', 'Store Keeper 1', 'Male', 'Christian', '2019-11-21 00:00:00', 'Contract'),
(4090, 'Employee Name 688', 'Cladtek', 'Store Keeper', 'Contract', 'Supply Chain Management', 'Store', 'Married', 'Batak', 'Vocational High School', 'Store Keeper 2', 'Male', 'Christian', '2019-11-21 00:00:00', 'Contract'),
(4091, 'Employee Name 689', 'Cladtek', 'OHC Operator', 'Contract', 'Production', 'Material Movement', 'Married', 'Batak', 'Vocational High School', 'OHC Operator', 'Male', 'Christian', '2019-11-26 00:00:00', 'Contract'),
(4092, 'Employee Name 690', 'Cladtek', 'Data Entry Clerk', 'Contract', 'Production', 'Data Entry & Clerk', 'Single', 'Batak', 'S1', 'Production Admin\n', 'Female', 'Christian', '2019-11-26 00:00:00', 'Contract'),
(4093, 'Employee Name 691', 'Cladtek', 'Production Operator', 'Contract', 'Production', 'Spool Fab. Fitter', 'Married', 'Jawa', 'Vocational High School', 'Production Operator - Spool Fab. Fitter', 'Male', 'Islam', '2019-11-26 00:00:00', 'Contract'),
(4094, 'Employee Name 692', 'Cladtek', 'Production Foreman', 'Contract', 'Production', 'Spool Fab. Fitter', 'Married', 'Batak', 'Senior High School', 'Production Foreman - Spool Fab. Fitter', 'Male', 'Islam', '2019-11-26 00:00:00', 'Contract'),
(4095, 'Employee Name 693', 'Cladtek', 'Production Expeditor', 'Contract', 'Production', 'Spool Fab. Fitter', 'Single', 'Minang', 'D2', 'Production Expeditor', 'Male', 'Islam', '2019-11-26 00:00:00', 'Contract'),
(4097, 'Employee Name 694', 'Cladtek', 'NDE Technician', 'Contract', 'Quality Control', 'NDE', 'Single', 'Batak', NULL, 'NDE Technician 1', 'Male', 'Christian', '2019-12-02 00:00:00', 'Contract'),
(4098, 'Employee Name 695', 'Cladtek', 'NDE Technician', 'Contract', 'Quality Control', 'NDE', 'Married', 'Batak', 'Vocational High School', 'NDE Technician 1', 'Male', 'Christian', '2019-12-02 00:00:00', 'Contract'),
(4100, 'Employee Name 696', 'Cladtek', 'Technician - Mechanic', 'Contract', 'Maintenance & Engineering', 'Maintenance', 'Single', 'Batak', 'Senior High School', 'Technician - Mechanic 1', 'Male', 'Christian', '2019-12-02 00:00:00', 'Contract'),
(4101, 'Employee Name 697', 'Cladtek', 'Technician - Electric', 'Contract', 'Maintenance & Engineering', 'Maintenance', 'Married', 'Jawa', 'S1', 'Technician - Electric 1', 'Male', 'Islam', '2019-12-02 00:00:00', 'Contract'),
(4103, 'Employee Name 698', 'Cladtek', 'Technician - Electric', 'Contract', 'Maintenance & Engineering', 'Maintenance', 'Single', 'Batak', NULL, 'Technician - Electric 2', 'Male', 'Christian', '2019-12-09 00:00:00', 'Contract'),
(4104, 'Employee Name 699', 'Cladtek', 'Production Operator', 'Contract', 'Production', 'Packing & Carpentry', 'Married', 'Batak', 'Senior High School', 'Production Operator - Packing & Carpentry', 'Male', 'Islam', '2019-12-09 00:00:00', 'Contract'),
(4105, 'Employee Name 700', 'Cladtek', 'Production Operator', 'Contract', 'Production', 'Packing & Carpentry', 'Married', 'Minang', NULL, 'Production Operator - Packing & Carpentry', 'Male', 'Islam', '2019-12-09 00:00:00', 'Contract'),
(4106, 'Employee Name 701', 'Cladtek', 'IT Manager', 'Contract', 'ITES', 'Manager', 'Married', 'Batak', 'S2', 'IT-ES Manager', 'Male', 'Christian', '2019-12-11 00:00:00', 'Contract'),
(4107, 'Employee Name 702', 'Cladtek', 'NDE Technician', 'Contract', 'Quality Control', 'NDE', 'Married', 'Semende/Semendo', 'Vocational High School', 'Sr. NDE Technician 2', 'Male', 'Islam', '2019-12-16 00:00:00', 'Contract'),
(4108, 'Employee Name 703', 'Cladtek', 'NDE Technician', 'Contract', 'Quality Control', 'NDE', 'Married', 'Batak', 'Vocational High School', 'Sr. NDE Technician 1', 'Male', 'Islam', '2019-12-16 00:00:00', 'Contract'),
(4109, 'Employee Name 704', 'Cladtek', 'Tech Control', 'Contract', 'Production Automation', 'Electrical Control System', 'Married', 'Jawa', 'Vocational High School', 'Technical Control and Electrical\n', 'Male', 'Islam', '2019-12-16 00:00:00', 'Contract'),
(4111, 'Employee Name 705', 'Cladtek', 'PM Technician', 'Contract', 'Production Automation', 'Electrical Control System', 'Married', 'Minang', 'Vocational High School', 'Electric Maintenance Technician', 'Male', 'Islam', '2019-12-26 00:00:00', 'Contract'),
(4117, 'Employee Name 706', 'Cladtek', 'Production Operator', 'Contract', 'Production', 'Bending & HT', 'Single', 'Jawa', 'S1', 'Production Operator - Bending & HT', 'Male', 'Islam', '2020-01-13 00:00:00', 'Contract'),
(4118, 'Employee Name 707', 'Cladtek', 'Production Operator', 'Contract', 'Production', 'Bending & HT', 'Married', 'Minang', 'Vocational High School', 'Production Operator - Bending & HT', 'Male', 'Islam', '2020-01-13 00:00:00', 'Contract'),
(4119, 'Employee Name 708', 'Cladtek', 'Production Operator', 'Contract', 'Production', 'Bending & HT', 'Married', 'Melayu', 'Senior High School', 'Production Operator - Bending & HT', 'Male', 'Islam', '2020-01-13 00:00:00', 'Contract'),
(4120, 'Employee Name 709', 'Cladtek', 'Production Operator', 'Contract', 'Production', 'Bending & HT', 'Single', 'Jawa', NULL, 'Production Operator - Bending & HT', 'Male', 'Islam', '2020-01-13 00:00:00', 'Contract'),
(4122, 'Employee Name 710', 'Cladtek', 'HR Officer (Data)', 'Contract', 'Human Resources', 'HR Information System', 'Single', 'Minang', 'D4', 'HR Officer (Data)\n\n', 'Female', 'Islam', '2020-01-13 00:00:00', 'Contract'),
(4124, 'Employee Name 711', 'Cladtek', 'NDE Technician', 'Contract', 'Quality Control', 'NDE', 'Married', 'Jawa', 'Senior High School', 'Sr. NDE Technician 3', 'Male', 'Islam', '2020-01-21 00:00:00', 'Contract'),
(4125, 'Employee Name 712', 'Cladtek', 'NDE Technician', 'Contract', 'Quality Control', 'NDE', 'Married', 'Melayu', 'Senior High School', 'Sr. NDE Technician 3', 'Male', 'Islam', '2020-01-21 00:00:00', 'Contract'),
(4127, 'Employee Name 713', 'Cladtek', 'System Development Supervisor', 'Contract', 'Production Automation', 'System Development', 'Married', 'Jawa', 'Vocational High School', 'System Development Supervisor', 'Male', 'Islam', '2020-01-21 00:00:00', 'Contract'),
(4129, 'Employee Name 714', 'Cladtek', 'Production Operator', 'Contract', 'Production', 'Spool Fab. Fitter', 'Married', 'Rejang', 'Vocational High School', 'Production Operator - Spool Fab. Fitter', 'Male', 'Islam', '2020-01-28 00:00:00', 'Contract'),
(4131, 'Employee Name 715', 'Cladtek', 'Production Operator', 'Contract', 'Production', 'Spool Fab. Fitter', 'Married', 'Jawa', 'Senior High School', 'Production Operator - Spool Fab. Fitter', 'Male', 'Islam', '2020-01-28 00:00:00', 'Contract'),
(4132, 'Employee Name 716', 'Cladtek', 'Production Operator', 'Contract', 'Production', 'Spool Fab. Fitter', 'Married', 'Batak', 'Senior High School', 'Production Operator - Spool Fab. Fitter', 'Male', 'Islam', '2020-01-28 00:00:00', 'Contract'),
(4134, 'Employee Name 717', 'Cladtek', 'Purchasing Officer', 'Contract', 'Supply Chain Management', 'Purchasing', 'Married', 'Minahasa', 'S1', 'Purchasing Officer', 'Male', 'Christian', '2020-01-28 00:00:00', 'Contract'),
(4135, 'Employee Name 718', 'Cladtek', 'Production Operator', 'Contract', 'Production', 'Prod. QC', 'Married', 'Melayu', 'Vocational High School', 'Production QC', 'Male', 'Islam', '2020-02-03 00:00:00', 'Contract'),
(4136, 'Employee Name 719', 'Cladtek', 'Production Operator', 'Contract', 'Production', 'Prod. QC', 'Single', 'Jawa', 'Vocational High School', 'Production QC', 'Male', 'Islam', '2020-02-03 00:00:00', 'Contract'),
(4139, 'Employee Name 720', 'Cladtek', 'Machining Operator', 'Contract', 'Production', 'Machine Shop', 'Married', 'Palembang', 'Senior High School', 'Production Operator - Machine Shop', 'Male', 'Islam', '2020-02-04 00:00:00', 'Contract'),
(4140, 'Employee Name 721', 'Cladtek', 'NDE Technician', 'Contract', 'Quality Control', 'NDE', 'Married', 'Batak', 'Vocational High School', 'NDE Technician 2', 'Male', 'Christian', '2020-02-04 00:00:00', 'Contract'),
(4141, 'Employee Name 722', 'Cladtek', 'NDE Technician', 'Contract', 'Quality Control', 'NDE', 'Single', 'Batak', 'Senior High School', 'NDE Technician 1', 'Male', 'Christian', '2020-02-04 00:00:00', 'Contract'),
(4143, 'Employee Name 723', 'Cladtek', 'Technician - Electric', 'Contract', 'Maintenance & Engineering', 'Maintenance', 'Married', 'Batak', 'Vocational High School', 'Technician - Electric 2', 'Male', 'Christian', '2020-02-11 00:00:00', 'Contract'),
(4150, 'Employee Name 724', 'Cladtek', 'Production Operator', 'Contract', 'Production', 'QH', 'Single', 'Minang', 'Vocational High School', 'Production Operator - QH', 'Male', 'Islam', '2020-02-11 00:00:00', 'Contract'),
(4151, 'Employee Name 725', 'Cladtek', 'Production Operator', 'Contract', 'Production', 'QH', 'Single', 'Batak', 'Vocational High School', 'Production Operator - QH', 'Male', 'Christian', '2020-02-11 00:00:00', 'Contract'),
(4152, 'Employee Name 726', 'Cladtek', 'Production Operator', 'Contract', 'Production', 'QH', 'Married', 'Melayu', 'Senior High School', 'Production Operator - QH', 'Male', 'Islam', '2020-02-11 00:00:00', 'Contract'),
(4155, 'Employee Name 727', 'Cladtek', 'Sr. Technical Engineer', 'Contract', 'Technical', 'Technical', 'Single', 'Jawa', 'S1', 'Sr. Technical Engineer', 'Male', 'Islam', '2020-02-11 00:00:00', 'Contract'),
(4162, 'Employee Name 728', 'Cladtek', 'Machining Operator', 'Contract', 'Production', 'Machine Shop', 'Single', 'Batak', 'Vocational High School', 'Production Operator - Machine Shop', 'Male', 'Christian', '2020-02-12 00:00:00', 'Contract'),
(4170, 'Employee Name 729', 'Cladtek', 'Machining Operator', 'Contract', 'Production', 'Machine Shop', 'Married', 'Jawa', 'Vocational High School', 'Production Operator - Machine Shop', 'Male', 'Islam', '2020-02-19 00:00:00', 'Contract'),
(4171, 'Employee Name 730', 'Cladtek', 'Production Operator', 'Contract', 'Production', 'Blast & Paint', 'Single', 'Jawa', 'Vocational High School', 'Production Operator - Blast & Paint', 'Male', 'Islam', '2020-02-19 00:00:00', 'Contract'),
(4172, 'Employee Name 731', 'Cladtek', 'Technical Manager', 'Contract', 'Technical', 'Manager', 'Married', 'Sunda', 'S2', 'Technical Manager', 'Male', 'Islam', '2020-02-26 00:00:00', 'Contract'),
(4175, 'Employee Name 732', 'Cladtek', 'Mechanical Technician', 'Contract', 'Maintenance & Engineering', 'Maintenance', 'Married', 'Jawa', 'Senior High School', 'Technician - Mechanic 2', 'Male', 'Islam', '2020-02-26 00:00:00', 'Contract'),
(4176, 'Employee Name 733', 'Cladtek', 'Production Clerk', 'Contract', 'Production', 'Data Entry & Clerk', 'Single', 'Jawa', 'Vocational High School', 'Production Clerk', 'Female', 'Islam', '2020-02-26 00:00:00', 'Contract'),
(4185, 'Employee Name 734', 'Cladtek', 'QC Inspector', 'Contract', 'Quality Control', 'Quality Control', 'Married', 'Padang', 'D3', 'QC Inspector 1', 'Male', 'Islam', '2020-03-03 00:00:00', 'Contract'),
(4186, 'Employee Name 735', 'Cladtek', 'Store Clerk', 'Contract', 'Supply Chain Management', 'Store', 'Single', 'Batak', 'S1', 'Store Clerk', 'Female', 'Christian', '2020-03-03 00:00:00', 'Contract'),
(4190, 'Employee Name 736', 'Cladtek', 'Fitter', 'Contract', 'Production', 'Equipment & Build', 'Married', 'Melayu', 'Vocational High School', 'Fitter - P&E', 'Male', 'Islam', '2020-03-11 00:00:00', 'Contract'),
(4191, 'Employee Name 737', 'Cladtek', 'IT Supervisor', 'Contract', 'ITES', 'IT', 'Married', 'Mandailing', 'D3', 'IT Supervisor', 'Male', 'Islam', '2020-03-11 00:00:00', 'Contract'),
(4193, 'Employee Name 738', 'Cladtek', 'Asst. System Development Programmer', 'Contract', 'Production Automation', 'System Development', 'Single', 'Jawa', 'Vocational High School', 'Asst. System Development Programmer\n', 'Male', 'Islam', '2020-03-11 00:00:00', 'Contract'),
(4194, 'Employee Name 739', 'Cladtek', 'Business Development Coord. & Admin', 'Contract', 'Business Development', 'Business Development', 'Single', 'Melayu', 'S1', 'Business Development Coord. & Admin', 'Female', 'Islam', '2020-03-23 00:00:00', 'Contract'),
(4197, 'Employee Name 740', 'Cladtek', 'Mechanical Design Engineer', 'Contract', 'Maintenance & Engineering', 'Engineering', 'Married', 'Bangka', 'D3', 'Mechanical Design Engineer', 'Male', 'Islam', '2020-03-30 00:00:00', 'Contract'),
(4198, 'Employee Name 741', 'Cladtek', 'Technician - Mechanic', 'Contract', 'Maintenance & Engineering', 'Facility Operations', 'Married', 'Jawa', 'Vocational High School', 'Technician - Mechanic 1', 'Male', 'Islam', '2020-03-30 00:00:00', 'Contract'),
(4199, 'Employee Name 742', 'Cladtek', 'Document Controller', 'Contract', 'Quality Control', 'QC Documentation', 'Single', 'Jawa', 'Senior High School', 'QC Document Controller 9', 'Male', 'Islam', '2020-03-30 00:00:00', 'Contract'),
(4202, 'Employee Name 743', 'Cladtek', 'Machining Operator', 'Contract', 'Production', 'Machine Shop', 'Married', 'Jawa', NULL, 'Production Operator - Machine Shop', 'Male', 'Islam', '2020-04-15 00:00:00', 'Contract'),
(4204, 'Employee Name 744', 'Cladtek', 'Machining Operator', 'Contract', 'Production', 'Machine Shop', 'Single', 'Minang', NULL, 'Production Operator - Machine Shop', 'Male', 'Islam', '2020-04-15 00:00:00', 'Contract'),
(4206, 'Employee Name 745', 'Cladtek', 'EPICOR Admin', 'Contract', 'ITES', 'EPICOR', 'Single', 'Batak', NULL, 'EPICOR Admin\n', 'Male', 'Christian', '2020-04-29 00:00:00', 'Contract'),
(4207, 'Employee Name 746', 'Cladtek', 'HSE Admin', 'Contract', 'Health, Safety, & Environment', 'HSE', 'Single', 'Batak', 'D4', 'HSE admin', 'Female', 'Christian', '2020-05-06 00:00:00', 'Contract'),
(4208, 'Employee Name 747', 'Cladtek', 'System Development Programmer', 'Contract', 'Production Automation', 'System Development', 'Married', 'Jawa', 'S1', 'System Development Programmer\n', 'Male', 'Islam', '2020-06-02 00:00:00', 'Contract'),
(4209, 'Employee Name 748', 'Cladtek', 'HR Officer (Recruitment)', 'Contract', 'Human Resources', 'HR Information System', 'Single', 'Jawa', 'D3', 'HR Officer (Recruitment)\n', 'Female', 'Islam', '2020-06-02 00:00:00', 'Contract'),
(4211, 'Employee Name 749', 'Cladtek', 'Junior Programmer', 'Contract', 'ITES', 'EPICOR', 'Single', 'Padang', 'D4', 'Asst. EPICOR Programmer\n', 'Male', 'Islam', '2020-06-08 00:00:00', 'Contract'),
(4212, 'Employee Name 750', 'Cladtek', 'Security', 'Contract', 'Human Resources', 'Security', 'Married', 'Jawa', 'Senior High School', 'Security', 'Male', 'Islam', '2020-06-08 00:00:00', 'Contract'),
(4213, 'Employee Name 751', 'Cladtek', 'Junior Programmer', 'Contract', 'ITES', 'EPICOR', 'Single', 'Jawa', 'S1', 'Asst. EPICOR Programmer\n', 'Male', 'Islam', '2020-06-08 00:00:00', 'Contract'),
(4214, 'Employee Name 752', 'Cladtek', 'Asst. Design Engineer', 'Contract', 'Technical', 'Design', 'Single', 'Jawa', 'D4', 'Asst. Design Engineer', 'Male', 'Islam', '2020-06-08 00:00:00', 'Contract'),
(4215, 'Employee Name 753', 'Cladtek', 'Document Controller', 'Contract', 'Technical', 'Doc. Controller', 'Single', 'Tionghoa', 'D4', 'Technical Document Controller\n', 'Female', 'Islam', '2020-06-19 00:00:00', 'Contract'),
(4223, 'Employee Name 754', 'Cladtek', 'Engineering & Automation Superintendent', 'Contract', 'Production Automation', 'Engineering & Automation', 'Married', 'Palembang', NULL, 'Engineering & Automation Superintendent', 'Male', 'Islam', '2020-07-08 00:00:00', 'Contract'),
(4224, 'Employee Name 755', 'Cladtek', 'Production Operator', 'Contract', 'Production', 'Bending & HT', 'Single', 'Batak', NULL, 'Production Operator - Bending & HT', 'Male', 'Islam', '2020-07-28 00:00:00', 'Contract'),
(4227, 'Employee Name 756', 'Cladtek', 'Production Foreman', 'Contract', 'Production', 'Equipment & Build', 'Married', 'Aceh', NULL, 'Foreman - P&E', 'Male', 'Islam', '2020-08-18 00:00:00', 'Contract'),
(4228, 'Employee Name 757', 'Cladtek', 'Production Operator', 'Contract', 'Production', 'Material Movement', 'Married', 'Batak', NULL, 'Forklift Operator', 'Male', 'Christian', '2020-08-18 00:00:00', 'Contract'),
(4229, 'Employee Name 758', 'Cladtek', 'Machining Operator', 'Contract', 'Production', 'Machine Shop', 'Married', 'Banjar', 'Vocational High School', 'Production Operator - Machine Shop', 'Male', 'Islam', '2020-08-24 00:00:00', 'Contract'),
(4230, 'Employee Name 759', 'Cladtek', 'Production Operator', 'Contract', 'Production', 'Bending & HT', 'Single', 'Batak', 'Senior High School', 'Production Operator - Bending & HT', 'Male', 'Christian', '2020-09-01 00:00:00', 'Contract'),
(4233, 'Employee Name 760', 'Cladtek', 'Production Operator', 'Contract', 'Production', 'Material Movement', 'Married', 'Batak', 'Senior High School', 'Forklift Operator', 'Male', 'Christian', '2020-09-07 00:00:00', 'Contract'),
(4234, 'Employee Name 761', 'Cladtek', 'Production Operator', 'Contract', 'Production', 'Material Movement', 'Married', 'Batak', 'Senior High School', 'OHC Operator', 'Male', 'Christian', '2020-09-07 00:00:00', 'Contract'),
(4235, 'Employee Name 762', 'Cladtek', 'Rigger', 'Contract', 'Production', 'Material Movement', 'Married', 'Batak', 'Senior High School', 'OHC Operator', 'Male', 'Christian', '2020-09-07 00:00:00', 'Contract'),
(4236, 'Employee Name 763', 'Cladtek', 'QC Inspector', 'Contract', 'Quality Control', 'Quality Control', 'Married', 'Batak', 'Senior High School', 'QC Inspector 1', 'Male', 'Christian', '2020-09-07 00:00:00', 'Contract'),
(4248, 'Employee Name 764', 'Cladtek', 'QC Inspector', 'Contract', 'Quality Control', 'Quality Control', 'Married', 'Melayu', 'Vocational High School', 'QC Inspector 1', 'Male', 'Islam', '2020-09-07 00:00:00', 'Contract'),
(4251, 'Employee Name 765', 'Cladtek', 'Technician - Electric', 'Contract', 'Maintenance & Engineering', 'Maintenance', 'Married', 'Jawa', 'Vocational High School', 'Technician - Electric 1', 'Male', 'Islam', '2020-09-14 00:00:00', 'Contract'),
(4252, 'Employee Name 766', 'Cladtek', 'Production Operator', 'Contract', 'Production', 'TH', 'Married', 'Padang', 'Vocational High School', 'Production Operator - TH', 'Male', 'Islam', '2020-09-15 00:00:00', 'Contract'),
(4253, 'Employee Name 767', 'Cladtek', 'Production Operator', 'Contract', 'Production', 'TH', 'Married', 'Melayu', 'Vocational High School', 'Production Operator - TH', 'Male', 'Islam', '2020-09-15 00:00:00', 'Contract'),
(4255, 'Employee Name 768', 'Cladtek', 'Production Operator', 'Contract', 'Production', 'TH', 'Married', 'Palembang', 'Vocational High School', 'Production Operator - TH', 'Male', 'Islam', '2020-09-15 00:00:00', 'Contract'),
(4256, 'Employee Name 769', 'Cladtek', 'Production Operator', 'Contract', 'Production', 'TH', 'Married', 'Palembang', 'Senior High School', 'Production Operator - TH', 'Male', 'Islam', '2020-09-15 00:00:00', 'Contract'),
(4263, 'Employee Name 770', 'Cladtek', 'Rigger', 'Contract', 'Production', 'Material Movement', 'Married', 'Batak', 'Senior High School', 'Rigger', 'Male', 'Christian', '2020-09-21 00:00:00', 'Contract'),
(4264, 'Employee Name 771', 'Cladtek', 'Rigger', 'Contract', 'Production', 'Material Movement', 'Married', 'Batak', 'Vocational High School', 'Rigger', 'Male', 'Christian', '2020-09-21 00:00:00', 'Contract'),
(4270, 'Employee Name 772', 'Cladtek', 'Asst. System Development Programmer', 'Contract', 'Production Automation', 'System Development', 'Single', 'Jawa', 'D3', 'Asst. System Development Programmer\n', 'Female', 'Islam', '2020-09-28 00:00:00', 'Contract'),
(4272, 'Employee Name 773', 'Cladtek', 'Production Operator', 'Contract', 'Production', 'Spool Fab. Fitter', 'Married', 'Jawa', 'Senior High School', 'Production Operator - Spool Fab. Fitter', 'Male', 'Islam', '2020-10-12 00:00:00', 'Contract'),
(4273, 'Employee Name 774', 'Cladtek', 'Production Operator', 'Contract', 'Production', 'Spool Fab. Fitter', 'Married', 'Jawa', 'Senior High School', 'Production Operator - Spool Fab. Fitter', 'Male', 'Islam', '2020-10-12 00:00:00', 'Contract'),
(4274, 'Employee Name 775', 'Cladtek', 'Production Operator', 'Contract', 'Production', 'Spool Fab. Fitter', 'Married', 'Jawa', 'Senior High School', 'Production Operator - Spool Fab. Fitter', 'Male', 'Islam', '2020-10-12 00:00:00', 'Contract'),
(4275, 'Employee Name 776', 'Cladtek', 'Production Operator', 'Contract', 'Production', 'Spool Fab. Fitter', 'Married', 'Batak', 'Senior High School', 'Production Operator - Spool Fab. Fitter', 'Male', 'Christian', '2020-10-12 00:00:00', 'Contract'),
(4276, 'Employee Name 777', 'Cladtek', 'Production Operator', 'Contract', 'Production', 'Spool Fab. Fitter', 'Married', 'Palembang', 'Senior High School', 'Production Operator - Spool Fab. Fitter', 'Male', 'Islam', '2020-10-12 00:00:00', 'Contract'),
(4277, 'Employee Name 778', 'Cladtek', 'Production Operator', 'Contract', 'Production', 'Spool Fab. Fitter', 'Married', 'Melayu', 'Vocational High School', 'Production Operator - Spool Fab. Fitter', 'Male', 'Islam', '2020-10-12 00:00:00', 'Contract'),
(4278, 'Employee Name 779', 'Cladtek', 'Production Operator', 'Contract', 'Production', 'Spool Fab. Fitter', 'Married', 'Palembang', 'Vocational High School', 'Production Operator - Spool Fab. Fitter', 'Male', 'Islam', '2020-10-12 00:00:00', 'Contract'),
(4279, 'Employee Name 780', 'Cladtek', 'Production Operator', 'Contract', 'Production', 'Spool Fab. Fitter', 'Married', 'Batak', 'Senior High School', 'Production Operator - Spool Fab. Fitter', 'Male', 'Christian', '2020-10-12 00:00:00', 'Contract'),
(4280, 'Employee Name 781', 'Cladtek', 'Production Operator', 'Contract', 'Production', 'Spool Fab. Fitter', 'Single', 'Jawa', 'Senior High School', 'Production Operator - Spool Fab. Fitter', 'Male', 'Islam', '2020-10-12 00:00:00', 'Contract'),
(4281, 'Employee Name 782', 'Cladtek', 'Production Operator', 'Contract', 'Production', 'Spool Fab. Fitter', 'Married', 'Padang', 'Senior High School', 'Production Operator - Spool Fab. Fitter', 'Male', 'Islam', '2020-10-12 00:00:00', 'Contract'),
(4284, 'Employee Name 783', 'Cladtek', 'Production Operator', 'Contract', 'Production', 'Spool Fab. Fitter', 'Single', 'Palembang', 'Vocational High School', 'Production Operator - Spool Fab. Fitter', 'Male', 'Islam', '2020-10-12 00:00:00', 'Contract'),
(4288, 'Employee Name 784', 'Cladtek', 'Fitter', 'Contract', 'Production', 'Equipment & Build', 'Married', 'Melayu', 'Vocational High School', 'Fitter - P&E', 'Male', 'Islam', '2020-10-19 00:00:00', 'Contract'),
(4290, 'Employee Name 785', 'Cladtek', 'Production Operator', 'Contract', 'Production', 'SHV', 'Single', 'Jawa', NULL, 'Production Operator - SHV', 'Female', 'Islam', '2020-10-19 00:00:00', 'Contract'),
(4291, 'Employee Name 786', 'Cladtek', 'Production Operator', 'Contract', 'Production', 'SHV', 'Single', 'Palembang', NULL, 'Production Operator - SHV', 'Female', 'Islam', '2020-10-19 00:00:00', 'Contract'),
(4292, 'Employee Name 787', 'Cladtek', 'Production Operator', 'Contract', 'Production', 'SHV', 'Single', 'Melayu', NULL, 'Production Operator - SHV', 'Female', 'Islam', '2020-10-19 00:00:00', 'Contract'),
(4295, 'Employee Name 788', 'Cladtek', 'Data Entry Clerk', 'Contract', 'Production', 'Bending & HT', 'Single', 'Jawa', NULL, 'Production Admin\n', 'Female', 'Islam', '2020-10-19 00:00:00', 'Contract'),
(4296, 'Employee Name 789', 'Cladtek', 'Production Operator', 'Contract', 'Production', 'Spool Fab. Fitter', 'Married', 'Jawa', 'Senior High School', 'Production Operator - Spool Fab. Fitter', 'Male', 'Islam', '2020-10-26 00:00:00', 'Contract'),
(4297, 'Employee Name 790', 'Cladtek', 'Fitter', 'Contract', 'Production', 'Expeditor', 'Single', 'Jawa', 'S1', 'Production Operator - Spool Fab. Fitter', 'Male', 'Islam', '2020-10-26 00:00:00', 'Contract'),
(4299, 'Employee Name 791', 'Cladtek', 'Production Operator', 'Contract', 'Production', 'Machine Shop', 'Married', 'Minang', 'Vocational High School', 'Production Operator - Machine Shop', 'Male', 'Islam', '2020-11-03 00:00:00', 'Contract'),
(4300, 'Employee Name 792', 'Cladtek', 'Technician - Mechanic', 'Contract', 'Maintenance & Engineering', 'Maintenance', 'Single', 'Bugis', 'D3', 'Technician - Electric 2', 'Male', 'Islam', '2020-11-03 00:00:00', 'Contract'),
(4301, 'Employee Name 793', 'Cladtek', 'Machining Operator', 'Contract', 'Production', 'Machine Shop', 'Married', 'Batak', 'Senior High School', 'Production Operator - Machine Shop', 'Male', 'Catholic', '2020-11-16 00:00:00', 'Contract'),
(4302, 'Employee Name 794', 'Cladtek', 'Machining Operator', 'Contract', 'Production', 'Machine Shop', 'Married', 'Jawa', 'Vocational High School', 'Production Operator - Machine Shop', 'Male', 'Islam', '2020-11-16 00:00:00', 'Contract'),
(4303, 'Employee Name 795', 'Cladtek', 'Machining Operator', 'Contract', 'Production', 'Machine Shop', 'Married', 'Batak', 'Vocational High School', 'Production Operator - Machine Shop', 'Male', 'Christian', '2020-11-16 00:00:00', 'Contract'),
(4306, 'Employee Name 796', 'Cladtek', 'QC Technician', 'Contract', 'Quality Control', 'NDE', 'Single', 'Palembang', 'Vocational High School', 'NDE Technician 1', 'Male', 'Islam', '2020-11-24 00:00:00', 'Contract'),
(4307, 'Employee Name 797', 'Cladtek', 'NDE Technician', 'Contract', 'Quality Control', 'NDE', 'Single', 'Batak', 'Vocational High School', 'Sr. NDE Technician 3', 'Male', 'Christian', '2020-11-24 00:00:00', 'Contract'),
(4308, 'Employee Name 798', 'Cladtek', 'Production Operator', 'Contract', 'Production', 'Spool Fab. Fitter', 'Married', 'Palembang', 'Senior High School', 'Production Operator - Spool Fab. Fitter', 'Male', 'Islam', '2020-11-24 00:00:00', 'Contract'),
(4309, 'Employee Name 799', 'Cladtek', 'Production Operator', 'Contract', 'Production', 'Spool Fab. Fitter', 'Married', 'Melayu', 'Vocational High School', 'Production Operator - Spool Fab. Fitter', 'Male', 'Islam', '2020-11-24 00:00:00', 'Contract'),
(4310, 'Employee Name 800', 'Cladtek', 'Machining Operator', 'Contract', 'Production', 'Machine Shop', 'Married', 'Batak', 'Vocational High School', 'Production Operator - Machine Shop', 'Male', 'Christian', '2020-11-30 00:00:00', 'Contract'),
(4311, 'Employee Name 801', 'Cladtek', 'Sr. Maintenance Clerk', 'Contract', 'Maintenance & Engineering', 'Maintenance', 'Single', 'Batak', 'Senior High School', 'Sr. Maintenance Clerk', 'Female', 'Christian', '2020-11-30 00:00:00', 'Contract'),
(4314, 'Employee Name 802', 'Cladtek', 'Production Operator', 'Contract', 'Production', 'TH', 'Married', 'Jawa', 'Vocational High School', 'Production Operator - TH', 'Male', 'Islam', '2020-12-10 00:00:00', 'Contract'),
(4316, 'Employee Name 803', 'Cladtek', 'Calibration Controller', 'Contract', 'Quality Assurance', 'Quality Assurance', 'Single', 'Padang', 'D3', 'Calibration Controller', 'Male', 'Islam', '2020-12-14 00:00:00', 'Contract'),
(4317, 'Employee Name 804', 'Cladtek', 'Assistant Project Engineer', 'Contract', 'Project', 'Project', 'Single', 'Aceh', NULL, 'Assistant Project Engineer', 'Male', 'Islam', '2020-12-18 00:00:00', 'Contract'),
(4318, 'Employee Name 805', 'Cladtek', 'Production Foreman', 'Contract', 'Production', 'Spool Fab. Fitter', 'Married', 'Jawa', 'Senior High School', 'Production Foreman - Spool Fab. Fitter', 'Male', 'Islam', '2020-12-21 00:00:00', 'Contract'),
(4319, 'Employee Name 806', 'Cladtek', 'Production Operator', 'Contract', 'Production', 'Spool Fab. Fitter', 'Married', 'Palembang', 'D3', 'Production Operator - Spool Fab. Fitter', 'Male', 'Islam', '2020-12-21 00:00:00', 'Contract'),
(4320, 'Employee Name 807', 'Cladtek', 'Production Operator', 'Contract', 'Production', 'QH', 'Married', 'Palembang', NULL, 'Production Operator - QH', 'Male', 'Islam', '2020-12-30 00:00:00', 'Contract'),
(4321, 'Employee Name 808', 'Cladtek', 'NDE Technician', 'Contract', 'Quality Control', 'NDE', 'Married', 'Batak', 'Senior High School', 'Sr. NDE Technician 3', 'Male', 'Christian', '2020-12-30 00:00:00', 'Contract'),
(4322, 'Employee Name 809', 'Cladtek', 'Production Operator', 'Contract', 'Production', 'SHV', 'Married', 'Melayu', 'Senior High School', 'Production Operator - SHV', 'Male', 'Islam', '2021-01-02 00:00:00', 'Contract'),
(4323, 'Employee Name 810', 'Cladtek', 'Production Operator', 'Contract', 'Production', 'SHV', 'Single', 'Jawa', 'Vocational High School', 'Production Operator - SHV', 'Male', 'Islam', '2021-01-02 00:00:00', 'Contract'),
(4324, 'Employee Name 811', 'Cladtek', 'Production Operator', 'Contract', 'Production', 'QH', 'Married', 'Lampung', 'Vocational High School', 'Production Operator - QH', 'Male', 'Islam', '2021-01-02 00:00:00', 'Contract'),
(4325, 'Employee Name 812', 'Cladtek', 'Production Operator', 'Contract', 'Production', 'SHV', 'Married', 'Jawa', 'Vocational High School', 'Production Operator - SHV', 'Male', 'Islam', '2021-01-02 00:00:00', 'Contract'),
(4327, 'Employee Name 813', 'Cladtek', 'Production Operator', 'Contract', 'Production', 'SHV', 'Married', 'Makasar', 'Senior High School', 'Production Operator - SHV', 'Male', 'Islam', '2021-01-02 00:00:00', 'Contract'),
(4328, 'Employee Name 814', 'Cladtek', 'Production Operator', 'Contract', 'Production', 'SHV', 'Married', 'Batak', 'Vocational High School', 'Production Operator - SHV', 'Male', 'Islam', '2021-01-02 00:00:00', 'Contract'),
(4329, 'Employee Name 815', 'Cladtek', 'Production Operator', 'Contract', 'Production', 'SHV', 'Single', 'Jawa', 'Vocational High School', 'Production Operator - SHV', 'Male', 'Islam', '2021-01-02 00:00:00', 'Contract'),
(4330, 'Employee Name 816', 'Cladtek', 'Production Operator', 'Contract', 'Production', 'QH', 'Married', 'Melayu', 'Vocational High School', 'Production Operator - QH', 'Male', 'Islam', '2021-01-02 00:00:00', 'Contract'),
(4331, 'Employee Name 817', 'Cladtek', 'Production Operator', 'Contract', 'Production', 'SHV', 'Married', 'Jawa', 'Vocational High School', 'Production Operator - SHV', 'Male', 'Islam', '2021-01-02 00:00:00', 'Contract'),
(4332, 'Employee Name 818', 'Cladtek', 'Production Operator', 'Contract', 'Production', 'Machine Shop', 'Married', 'Batak', 'Vocational High School', 'Production Operator - Machine Shop', 'Male', 'Christian', '2021-01-04 00:00:00', 'Contract'),
(4333, 'Employee Name 819', 'Cladtek', 'Production Operator', 'Contract', 'Production', 'Machine Shop', 'Married', 'Jawa', 'Vocational High School', 'Production Operator - Machine Shop', 'Male', 'Islam', '2021-01-04 00:00:00', 'Contract'),
(4336, 'Employee Name 820', 'Cladtek', 'Production Operator', 'Contract', 'Production', 'Machine Shop', 'Married', 'Padang', 'Vocational High School', 'Production Operator - Machine Shop', 'Male', 'Islam', '2021-01-04 00:00:00', 'Contract'),
(4337, 'Employee Name 821', 'Cladtek', 'Production Operator', 'Contract', 'Production', 'Manual Repair', 'Single', 'Jawa', 'Vocational High School', 'Production Operator - Manual Repair', 'Male', 'Islam', '2021-01-04 00:00:00', 'Contract'),
(4338, 'Employee Name 822', 'Cladtek', 'Production Operator', 'Contract', 'Production', 'Manual Repair', 'Single', 'Jawa', 'Senior High School', 'Production Operator - Manual Repair', 'Male', 'Islam', '2021-01-04 00:00:00', 'Contract'),
(4339, 'Employee Name 823', 'Cladtek', 'Production Operator', 'Contract', 'Production', 'Manual Repair', 'Married', 'Melayu', 'Vocational High School', 'Production Operator - Manual Repair', 'Male', 'Islam', '2021-01-04 00:00:00', 'Contract'),
(4340, 'Employee Name 824', 'Cladtek', 'Production Operator', 'Contract', 'Production', 'Manual Repair', 'Married', 'Manado', 'Vocational High School', 'Production Operator - Manual Repair', 'Male', 'Islam', '2021-01-04 00:00:00', 'Contract'),
(4341, 'Employee Name 825', 'Cladtek', 'Production Operator', 'Contract', 'Production', 'Manual Repair', 'Married', 'Jawa', 'Vocational High School', 'Production Operator - Manual Repair', 'Male', 'Islam', '2021-01-04 00:00:00', 'Contract'),
(4342, 'Employee Name 826', 'Cladtek', 'Production Operator', 'Contract', 'Production', 'TH', 'Single', 'Palembang', 'Senior High School', 'Production Operator - TH', 'Male', 'Islam', '2021-01-04 00:00:00', 'Contract'),
(4343, 'Employee Name 827', 'Cladtek', 'Production Operator', 'Contract', 'Production', 'SHV', 'Single', 'Melayu', 'Vocational High School', 'Production Operator - SHV', 'Male', 'Islam', '2021-01-04 00:00:00', 'Contract'),
(4344, 'Employee Name 828', 'Cladtek', 'Production Operator', 'Contract', 'Production', 'QH', 'Married', 'Batak', 'Vocational High School', 'Production Operator - QH', 'Male', 'Christian', '2021-01-04 00:00:00', 'Contract'),
(4345, 'Employee Name 829', 'Cladtek', 'Production Operator', 'Contract', 'Production', 'TH', 'Single', 'Batak', 'Vocational High School', 'Production Operator - TH', 'Male', 'Christian', '2021-01-04 00:00:00', 'Contract'),
(4346, 'Employee Name 830', 'Cladtek', 'Production Operator', 'Contract', 'Production', 'MLP', 'Single', 'Jawa', 'Vocational High School', 'Production Operator - MLP 1', 'Male', 'Islam', '2021-01-04 00:00:00', 'Contract'),
(4347, 'Employee Name 831', 'Cladtek', 'Production Operator', 'Contract', 'Production', 'TH', 'Married', 'Batak', 'Senior High School', 'Production Operator - TH', 'Male', 'Christian', '2021-01-04 00:00:00', 'Contract'),
(4348, 'Employee Name 832', 'Cladtek', 'Production Operator', 'Contract', 'Production', 'SHV', 'Single', 'Banjar', 'D3', 'Production Operator - SHV', 'Male', 'Islam', '2021-01-04 00:00:00', 'Contract'),
(4349, 'Employee Name 833', 'Cladtek', 'Production Operator', 'Contract', 'Production', 'QH', 'Single', 'Melayu', 'Senior High School', 'Production Operator - QH', 'Male', 'Islam', '2021-01-04 00:00:00', 'Contract'),
(4351, 'Employee Name 834', 'Cladtek', 'Production Operator', 'Contract', 'Production', 'TH', 'Single', 'Jawa', 'Vocational High School', 'Production Operator - TH', 'Male', 'Islam', '2021-01-05 00:00:00', 'Contract'),
(4352, 'Employee Name 835', 'Cladtek', 'Production Operator', 'Contract', 'Production', 'TH', 'Single', 'Palembang', 'Vocational High School', 'Production Operator - TH', 'Male', 'Islam', '2021-01-05 00:00:00', 'Contract'),
(4353, 'Employee Name 836', 'Cladtek', 'Production Operator', 'Contract', 'Production', 'Machine Shop', 'Single', 'Jawa', 'Vocational High School', 'Production Operator - Machine Shop', 'Male', 'Islam', '2021-01-05 00:00:00', 'Contract'),
(4354, 'Employee Name 837', 'Cladtek', 'Production Operator', 'Contract', 'Production', 'Machine Shop', 'Single', 'Sunda', 'S1', 'Production Operator - Machine Shop', 'Male', 'Islam', '2021-01-05 00:00:00', 'Contract'),
(4355, 'Employee Name 838', 'Cladtek', 'Production Operator', 'Contract', 'Production', 'Machine Shop', 'Married', 'Padang', 'Vocational High School', 'Production Operator - Machine Shop', 'Male', 'Islam', '2021-01-05 00:00:00', 'Contract'),
(4358, 'Employee Name 839', 'Cladtek', 'Production Operator', 'Contract', 'Production', 'Machine Shop', 'Married', 'Palembang', 'Senior High School', 'Production Operator - Machine Shop', 'Male', 'Islam', '2021-01-05 00:00:00', 'Contract'),
(4359, 'Employee Name 840', 'Cladtek', 'Machining Operator', 'Contract', 'Production', 'Machine Shop', 'Married', 'Jawa', 'Senior High School', 'Production Operator - Machine Shop', 'Male', 'Islam', '2021-01-05 00:00:00', 'Contract'),
(4361, 'Employee Name 841', 'Cladtek', 'Machining Operator', 'Contract', 'Production', 'Machine Shop', 'Married', 'Jawa', 'Vocational High School', 'Production Operator - Machine Shop', 'Male', 'Islam', '2021-01-05 00:00:00', 'Contract'),
(4363, 'Employee Name 842', 'Cladtek', 'Facility Maintenance', 'Contract', 'Maintenance & Engineering', 'Facility Operations', 'Married', 'Melayu', 'Vocational High School', 'Facility Maintenance - Mechanic', 'Male', 'Islam', '2021-01-04 00:00:00', 'Contract'),
(4364, 'Employee Name 843', 'Cladtek', 'Production Operator', 'Contract', 'Production', 'QH', 'Married', 'Batak', 'Vocational High School', 'Production Operator - QH', 'Male', 'Islam', '2021-01-08 00:00:00', 'Contract'),
(4365, 'Employee Name 844', 'Cladtek', 'Production Operator', 'Contract', 'Production', 'QH', 'Married', 'Batak', 'Vocational High School', 'Production Operator - QH', 'Male', 'Christian', '2021-01-08 00:00:00', 'Contract'),
(4366, 'Employee Name 845', 'Cladtek', 'Production Operator', 'Contract', 'Production', 'QH', 'Married', 'Batak', 'Vocational High School', 'Production Operator - QH', 'Male', 'Christian', '2021-01-08 00:00:00', 'Contract'),
(4368, 'Employee Name 846', 'Cladtek', 'Production Operator', 'Contract', 'Production', 'SHV', 'Single', 'Batak', 'Vocational High School', 'Production Operator - SHV', 'Male', 'Catholic', '2021-01-08 00:00:00', 'Contract'),
(4375, 'Employee Name 847', 'Cladtek', 'Production Operator', 'Contract', 'Production', 'QH', 'Married', 'Melayu', 'Senior High School', 'Production Operator - QH', 'Male', 'Islam', '2021-01-10 00:00:00', 'Contract'),
(4376, 'Employee Name 848', 'Cladtek', 'Production Operator', 'Contract', 'Production', 'QH', 'Married', 'Padang', 'S1', 'Production Operator - QH', 'Male', 'Islam', '2021-01-10 00:00:00', 'Contract'),
(4380, 'Employee Name 849', 'Cladtek', 'Production Operator', 'Contract', 'Production', 'SHV', 'Married', 'Melayu', 'Senior High School', 'Production Operator - SHV', 'Male', 'Islam', '2021-01-10 00:00:00', 'Contract'),
(4381, 'Employee Name 850', 'Cladtek', 'Production Operator', 'Contract', 'Production', 'QH', 'Single', 'Batak', 'Vocational High School', 'Production Operator - QH', 'Male', 'Catholic', '2021-01-10 00:00:00', 'Contract'),
(4382, 'Employee Name 851', 'Cladtek', 'Asst. Material Engineer', 'Contract', 'Technical', 'Material', 'Single', 'Nias', 'S1', 'Asst. Material Engineer', 'Male', 'Christian', '2021-01-11 00:00:00', 'Contract'),
(4383, 'Employee Name 852', 'Cladtek', 'Asst. Material Engineer', 'Contract', 'Technical', 'Material', 'Single', 'Padang', 'S1', 'Asst. Material Engineer', 'Male', 'Islam', '2021-01-11 00:00:00', 'Contract'),
(4384, 'Employee Name 853', 'Cladtek', 'Asst. Material Engineer', 'Contract', 'Technical', 'Material', 'Single', 'Batak', 'S1', 'Asst. Material Engineer', 'Female', 'Christian', '2021-01-11 00:00:00', 'Contract'),
(4385, 'Employee Name 854', 'Cladtek', 'Production Operator', 'Contract', 'Production', 'QH', 'Single', 'Batak', 'Senior High School', 'Production Operator - QH', 'Male', 'Christian', '2021-01-11 00:00:00', 'Contract'),
(4386, 'Employee Name 855', 'Cladtek', 'Machining Operator', 'Contract', 'Production', 'Machine Shop', 'Married', 'Batak', 'Vocational High School', 'Production Operator - Machine Shop', 'Male', 'Christian', '2021-01-11 00:00:00', 'Contract'),
(4391, 'Employee Name 856', 'Cladtek', 'Facility Maintenance', 'Contract', 'Maintenance & Engineering', 'Facility Operations', 'Married', 'Jawa', 'Vocational High School', 'Facility Maintenance - Mechanic', 'Male', 'Islam', '2021-01-11 00:00:00', 'Contract'),
(4392, 'Employee Name 857', 'Cladtek', 'Document Controller', 'Contract', 'Quality Control', 'QC Documentation', 'Single', 'Melayu', 'Vocational High School', 'QC Document Controller 10', 'Male', 'Islam', '2021-01-18 00:00:00', 'Contract'),
(4393, 'Employee Name 858', 'Cladtek', 'Production Operator', 'Contract', 'Production', 'TH', 'Single', 'Palembang', 'Vocational High School', 'Production Operator - TH', 'Male', 'Islam', '2021-01-18 00:00:00', 'Contract'),
(4394, 'Employee Name 859', 'Cladtek', 'Production Operator', 'Contract', 'Production', 'Bending & HT', 'Married', 'Melayu', 'Senior High School', 'Production Operator - Bending & HT', 'Male', 'Islam', '2021-01-18 00:00:00', 'Contract'),
(4396, 'Employee Name 860', 'Cladtek', 'QC Inspector', 'Contract', 'Quality Control', 'Quality Control', 'Married', 'Jawa', 'S1', 'QC Inspector 1', 'Male', 'Islam', '2021-01-18 00:00:00', 'Contract'),
(4397, 'Employee Name 861', 'Cladtek', 'QC Inspector', 'Contract', 'Quality Control', 'Quality Control', 'Married', 'Minang', 'Senior High School', 'QC Inspector 1', 'Male', 'Islam', '2021-01-18 00:00:00', 'Contract'),
(4398, 'Employee Name 862', 'Cladtek', 'QC Inspector', 'Contract', 'Quality Control', 'Quality Control', 'Single', 'Batak', 'Vocational High School', 'QC Inspector 1', 'Male', 'Islam', '2021-01-18 00:00:00', 'Contract'),
(4399, 'Employee Name 863', 'Cladtek', 'QC Inspector', 'Contract', 'Quality Control', 'Quality Control', 'Married', 'Batak', 'S1', 'QC Inspector 1', 'Male', 'Christian', '2021-01-18 00:00:00', 'Contract'),
(4400, 'Employee Name 864', 'Cladtek', 'Sr. HRIS Officer', 'Contract', 'Human Resources', 'HR Information System', 'Married', 'Jawa', 'S1', 'Sr. HRIS Officer', 'Male', 'Islam', '2021-01-18 00:00:00', 'Contract'),
(4402, 'Employee Name 865', 'Cladtek', 'Production Operator', 'Contract', 'Production', 'QH', 'Married', 'Kampar', 'Vocational High School', 'Production Operator - QH', 'Male', 'Islam', '2021-01-22 00:00:00', 'Contract'),
(4407, 'Employee Name 866', 'Cladtek', 'Production Operator', 'Contract', 'Production', 'SHV', 'Single', 'Banjar', 'Senior High School', 'Production Operator - SHV', 'Male', 'Islam', '2021-01-22 00:00:00', 'Contract'),
(4410, 'Employee Name 867', 'Cladtek', 'Production Operator', 'Contract', 'Production', 'SHV', 'Single', 'Jawa', 'Vocational High School', 'Production Operator - SHV', 'Male', 'Islam', '2021-01-22 00:00:00', 'Contract'),
(4413, 'Employee Name 868', 'Cladtek', 'Production Operator', 'Contract', 'Production', 'Machine Shop', 'Married', 'Batak', 'Vocational High School', 'Production Operator - Machine Shop', 'Male', 'Christian', '2021-01-25 00:00:00', 'Contract'),
(4415, 'Employee Name 869', 'Cladtek', 'Production Operator', 'Contract', 'Production', 'SHV', 'Married', 'Jawa', 'Vocational High School', 'Production Operator - SHV', 'Male', 'Islam', '2021-01-26 00:00:00', 'Contract'),
(4416, 'Employee Name 870', 'Cladtek', 'Production Operator', 'Contract', 'Production', 'Spool Fab. Fitter', 'Married', 'Jawa', 'Senior High School', 'Production Operator - Spool Fab. Fitter', 'Male', 'Islam', '2021-01-26 00:00:00', 'Contract'),
(4417, 'Employee Name 871', 'Cladtek', 'Production Operator', 'Contract', 'Production', 'Spool Fab. Fitter', 'Married', 'Jawa', 'Senior High School', 'Production Operator - Spool Fab. Fitter', 'Male', 'Islam', '2021-01-26 00:00:00', 'Contract'),
(4418, 'Employee Name 872', 'Cladtek', 'Production Operator', 'Contract', 'Production', 'Spool Fab. Fitter', 'Married', 'Jawa', NULL, 'Production Operator - Spool Fab. Fitter', 'Male', 'Islam', '2021-01-26 00:00:00', 'Contract'),
(4420, 'Employee Name 873', 'Cladtek', 'Facility Maintenance', 'Contract', 'Maintenance & Engineering', 'Facility Operations', 'Single', 'Padang', 'Vocational High School', 'Facility Maintenance - Mechanic', 'Male', 'Islam', '2021-01-28 00:00:00', 'Contract'),
(4421, 'Employee Name 874', 'Cladtek', 'OHC Operator', 'Contract', 'Production', 'Material Movement', 'Married', 'Batak', 'Senior High School', 'OHC Operator', 'Male', 'Christian', '2021-02-01 00:00:00', 'Contract'),
(4422, 'Employee Name 875', 'Cladtek', 'OHC Operator', 'Contract', 'Production', 'Material Movement', 'Married', 'Batak', 'Senior High School', 'OHC Operator', 'Male', 'Christian', '2021-02-01 00:00:00', 'Contract'),
(4423, 'Employee Name 876', 'Cladtek', 'Production Operator', 'Contract', 'Production', 'Machine Shop', 'Married', 'Batak', 'Vocational High School', 'Production Operator - Machine Shop', 'Male', 'Christian', '2021-02-01 00:00:00', 'Contract'),
(4424, 'Employee Name 877', 'Cladtek', 'QC Engineer', 'Contract', 'Quality Control', 'Quality Control', 'Married', 'Sunda', NULL, 'QC Engineer 4', 'Male', 'Islam', '2021-02-01 00:00:00', 'Contract'),
(4425, 'Employee Name 878', 'Cladtek', 'AR Accountant', 'Contract', 'Finance & Accounting', 'Group Finance', 'Single', 'Batak', 'S1', 'AR Accountant', 'Female', 'Christian', '2021-02-05 00:00:00', 'Contract'),
(4426, 'Employee Name 879', 'Cladtek', 'NDE Technician', 'Contract', 'Quality Control', 'NDE', 'Married', 'Batak', 'Vocational High School', 'Sr. NDE Technician 3', 'Male', 'Christian', '2021-02-09 00:00:00', 'Contract'),
(4427, 'Employee Name 880', 'Cladtek', 'NDE Technician', 'Contract', 'Quality Control', 'NDE', 'Married', 'Jawa', 'S1', 'Sr. NDE Technician 3', 'Male', 'Islam', '2021-02-09 00:00:00', 'Contract'),
(4428, 'Employee Name 881', 'Cladtek', 'Design Engineer', 'Contract', 'Technical', 'Design', 'Married', 'Jawa', 'S1', 'Design Engineer', 'Male', 'Islam', '2021-02-09 00:00:00', 'Contract'),
(4429, 'Employee Name 882', 'Cladtek', 'Asst. Design Engineer', 'Contract', 'Technical', 'Design', 'Married', 'Jawa', 'S1', 'Asst. Design Engineer', 'Male', 'Catholic', '2021-02-16 00:00:00', 'Contract'),
(4430, 'Employee Name 883', 'Cladtek', 'Production Operator', 'Contract', 'Production', 'Machine Shop', 'Single', 'Batak', 'S1', 'Production Operator - Machine Shop', 'Male', 'Christian', '2021-02-09 00:00:00', 'Contract'),
(4431, 'Employee Name 884', 'Cladtek', 'NDE Technician', 'Contract', 'Quality Control', 'NDE', 'Married', 'Batak', 'Vocational High School', 'NDE Technician', 'Male', 'Islam', '2021-02-17 00:00:00', 'Contract'),
(4432, 'Employee Name 885', 'Cladtek', 'NDE Technician', 'Contract', 'Quality Control', 'NDE', 'Single', 'Padang', 'D4', 'NDE Technician 2', 'Male', 'Islam', '2021-02-17 00:00:00', 'Contract'),
(4433, 'Employee Name 886', 'Cladtek', 'NDE Technician', 'Contract', 'Quality Control', 'NDE', 'Married', 'Batak', 'Senior High School', 'NDE Technician', 'Male', 'Christian', '2021-02-17 00:00:00', 'Contract'),
(4434, 'Employee Name 887', 'Cladtek', 'PM Technician', 'Contract', 'Maintenance & Engineering', 'Maintenance', 'Married', 'Melayu', NULL, 'Technician - Mechanic 2', 'Male', 'Islam', '2021-02-17 00:00:00', 'Contract'),
(4435, 'Employee Name 888', 'Cladtek', 'Document Controller', 'Contract', 'Project', 'Project', 'Single', 'Jawa', 'D4', 'Project Document Controller 6', 'Female', 'Islam', '2021-02-17 00:00:00', 'Contract'),
(4436, 'Employee Name 889', 'Cladtek', 'Production Operator', 'Contract', 'Production', 'TH', 'Married', 'Minang', 'Senior High School', 'Production Operator - TH', 'Male', 'Islam', '2021-02-21 00:00:00', 'Contract'),
(4437, 'Employee Name 890', 'Cladtek', 'Production Operator', 'Contract', 'Production', 'MLP', 'Married', 'Sunda', 'Vocational High School', 'Production Operator - SHV', 'Male', 'Islam', '2021-02-19 00:00:00', 'Contract'),
(4438, 'Employee Name 891', 'Cladtek', 'Production Operator', 'Contract', 'Production', 'TH', 'Married', 'Rejang', 'Vocational High School', 'Production Operator - TH', 'Male', 'Islam', '2021-02-19 00:00:00', 'Contract'),
(4440, 'Employee Name 892', 'Cladtek', 'Production Operator', 'Contract', 'Production', 'SHV', 'Single', 'Batak', 'Senior High School', 'Production Operator - SHV', 'Male', 'Christian', '2021-02-19 00:00:00', 'Contract'),
(4441, 'Employee Name 893', 'Cladtek', 'Production Operator', 'Contract', 'Production', 'SHV', 'Married', 'Jawa', 'Vocational High School', 'Production Operator - SHV', 'Male', 'Islam', '2021-02-19 00:00:00', 'Contract'),
(4442, 'Employee Name 894', 'Cladtek', 'Production Operator', 'Contract', 'Production', 'SHV', 'Single', 'Jawa', 'Vocational High School', 'Production Operator - SHV', 'Male', 'Islam', '2021-02-19 00:00:00', 'Contract'),
(4443, 'Employee Name 895', 'Cladtek', 'Production Operator', 'Contract', 'Production', 'SHV', 'Single', 'Jawa', 'Senior High School', 'Production Operator - SHV', 'Male', 'Islam', '2021-02-19 00:00:00', 'Contract');
INSERT INTO `employee` (`Employee_Number`, `Name`, `Company`, `Designation`, `Employment_Status`, `Department`, `Section`, `Marital_Status`, `Ethnic`, `Highest_Educational_Level`, `Main_Position`, `Sex`, `Religion`, `Join_Date`, `Employment_Status_1`) VALUES
(4445, 'Employee Name 896', 'Cladtek', 'Production Operator', 'Contract', 'Production', 'TH', 'Single', 'Melayu', 'Vocational High School', 'Production Operator - TH', 'Male', 'Islam', '2021-02-19 00:00:00', 'Contract'),
(4446, 'Employee Name 897', 'Cladtek', 'Production Operator', 'Contract', 'Production', 'SHV', 'Single', 'Melayu', 'Vocational High School', 'Production Operator - SHV', 'Male', 'Islam', '2021-02-19 00:00:00', 'Contract'),
(4447, 'Employee Name 898', 'Cladtek', 'Production Operator', 'Contract', 'Production', 'TH', 'Single', 'Batak', 'Vocational High School', 'Production Operator - TH', 'Male', 'Islam', '2021-02-21 00:00:00', 'Contract'),
(4449, 'Employee Name 899', 'Cladtek', 'Production Operator', 'Contract', 'Production', 'SHV', 'Single', 'Padang', 'S1', 'Production Operator - SHV', 'Male', 'Islam', '2021-02-21 00:00:00', 'Contract'),
(4450, 'Employee Name 900', 'Cladtek', 'Production Operator', 'Contract', 'Production', 'Spool Fab. Fitter', 'Single', 'Jawa', 'Vocational High School', 'Production Operator - Spool Fab. Fitter', 'Male', 'Islam', '2021-02-19 00:00:00', 'Contract'),
(4451, 'Employee Name 901', 'Cladtek', 'Production Operator', 'Contract', 'Production', 'Spool Fab. Fitter', 'Single', 'Batak', 'Senior High School', 'Production Operator - Spool Fab. Fitter', 'Male', 'Islam', '2021-02-21 00:00:00', 'Contract'),
(4452, 'Employee Name 902', 'Cladtek', 'Production Operator', 'Contract', 'Production', 'Spool Fab. Fitter', 'Married', 'Palembang', 'Senior High School', 'Production Operator - Spool Fab. Fitter', 'Male', 'Islam', '2021-02-21 00:00:00', 'Contract'),
(4453, 'Employee Name 903', 'Cladtek', 'Production Operator', 'Contract', 'Production', 'Spool Fab. Fitter', 'Married', 'Batak', NULL, 'Production Operator - Spool Fab. Fitter', 'Male', 'Islam', '2021-02-19 00:00:00', 'Contract'),
(4454, 'Employee Name 904', 'Cladtek', 'Production Operator', 'Contract', 'Production', 'Spool Fab. Fitter', 'Single', 'Jawa', NULL, 'Production Operator - Spool Fab. Fitter', 'Male', 'Islam', '2021-02-19 00:00:00', 'Contract'),
(4455, 'Employee Name 905', 'Cladtek', 'Production Operator', 'Contract', 'Production', 'Spool Fab. Fitter', 'Married', 'Palembang', 'Junior High School', 'Production Operator - Spool Fab. Fitter', 'Male', 'Islam', '2021-02-19 00:00:00', 'Contract'),
(4456, 'Employee Name 906', 'Cladtek', 'Production Operator', 'Contract', 'Production', 'SHV', 'Single', 'Jawa', 'Vocational High School', 'Production Operator - SHV', 'Male', 'Islam', '2021-02-19 00:00:00', 'Contract'),
(4457, 'Employee Name 907', 'Cladtek', 'Production Operator', 'Contract', 'Production', 'SHV', 'Married', 'Padang', NULL, 'Production Operator - SHV', 'Male', 'Islam', '2021-02-21 00:00:00', 'Contract'),
(4465, 'Employee Name 908', 'Cladtek', 'OHC Operator', 'Contract', 'Production', 'Material Movement', 'Single', 'Batak', 'Senior High School', 'OHC Operator', 'Male', 'Islam', '2021-02-19 00:00:00', 'Contract'),
(4466, 'Employee Name 909', 'Cladtek', 'Rigger', 'Contract', 'Production', 'Material Movement', 'Married', 'Jawa', 'Senior High School', 'Rigger', 'Male', 'Islam', '2021-02-19 00:00:00', 'Contract'),
(4467, 'Employee Name 910', 'Cladtek', 'Production Operator', 'Contract', 'Production', 'Spool Fab. Welder', 'Married', 'Sunda', 'Vocational High School', 'Production Operator - Spool Fab. Welder', 'Male', 'Islam', '2021-02-19 00:00:00', 'Contract'),
(4468, 'Employee Name 911', 'Cladtek', 'Production Operator', 'Contract', 'Production', 'Spool Fab. Welder', 'Married', 'Banjar', 'Vocational High School', 'Production Operator - Spool Fab. Welder', 'Male', 'Islam', '2021-02-19 00:00:00', 'Contract'),
(4469, 'Employee Name 912', 'Cladtek', 'Production Operator', 'Contract', 'Production', 'Spool Fab. Welder', 'Married', 'Melayu', 'Senior High School', 'Production Operator - Spool Fab. Welder', 'Male', 'Islam', '2021-02-19 00:00:00', 'Contract'),
(4473, 'Employee Name 913', 'Cladtek', 'Cleaner Human Resources', 'Contract', 'Human Resources', 'General Affair', 'Single', 'Flores', 'Vocational High School', 'Cleaner Human Resources', 'Male', 'Islam', '2021-02-22 00:00:00', 'Contract'),
(4474, 'Employee Name 914', 'Cladtek', 'NDE Technician', 'Contract', 'Quality Control', 'NDE', 'Married', 'Jawa', 'Vocational High School', 'NDE Technician', 'Male', 'Islam', '2021-02-22 00:00:00', 'Contract'),
(4475, 'Employee Name 915', 'Cladtek', 'Production Operator', 'Contract', 'Production', 'Spool Fab. Fitter', 'Single', 'Melayu', 'Senior High School', 'Production Operator - Spool Fab. Fitter', 'Male', 'Islam', '2021-02-22 00:00:00', 'Contract'),
(4476, 'Employee Name 916', 'Cladtek', 'Production Operator', 'Contract', 'Production', 'Spool Fab. Fitter', 'Single', 'Jawa', 'Vocational High School', 'Production Operator - Spool Fab. Fitter', 'Male', 'Islam', '2021-02-22 00:00:00', 'Contract'),
(4477, 'Employee Name 917', 'Cladtek', 'Production Operator', 'Contract', 'Production', 'QH', 'Married', 'Melayu', NULL, 'Production Operator - QH', 'Male', 'Islam', '2021-02-22 00:00:00', 'Contract'),
(4478, 'Employee Name 918', 'Cladtek', 'Production Operator', 'Contract', 'Production', 'QH', 'Single', 'Jawa', 'Senior High School', 'Production Operator - QH', 'Male', 'Islam', '2021-02-22 00:00:00', 'Contract'),
(4479, 'Employee Name 919', 'Cladtek', 'Production Operator', 'Contract', 'Production', 'Material Movement', 'Married', 'Banjar', 'Senior High School', 'OHC Operator', 'Male', 'Islam', '2021-02-22 00:00:00', 'Contract'),
(4480, 'Employee Name 920', 'Cladtek', 'Production Operator', 'Contract', 'Production', 'Material Movement', 'Married', 'Batak', 'Senior High School', 'OHC Operator', 'Male', 'Catholic', '2021-02-23 00:00:00', 'Contract'),
(4484, 'Employee Name 921', 'Cladtek', 'Production Operator', 'Contract', 'Production', 'SHV', 'Married', 'Batak', 'Senior High School', 'Production Operator - SHV', 'Male', 'Christian', '2021-02-24 00:00:00', 'Contract'),
(4486, 'Employee Name 922', 'Cladtek', 'Production Operator', 'Contract', 'Production', 'Spool Fab. Fitter', 'Married', 'Minang', 'Vocational High School', 'Production Operator - Spool Fab. Fitter', 'Male', 'Islam', '2021-02-24 00:00:00', 'Contract'),
(4515, 'Employee Name 923', 'Cladtek', 'Production Operator', 'Contract', 'Production', 'MLP', 'Single', 'Melayu', 'S1', 'Production Operator - MLP 1', 'Male', 'Islam', '2021-03-02 00:00:00', 'Contract'),
(4517, 'Employee Name 924', 'Cladtek', 'Production Operator', 'Contract', 'Production', 'Packing & Carpentry', 'Married', 'Jawa', 'Vocational High School', 'Production Operator - Packing & Carpentry', 'Male', 'Islam', '2021-03-02 00:00:00', 'Contract'),
(4518, 'Employee Name 925', 'Cladtek', 'OHC Operator', 'Contract', 'Production', 'Material Movement', 'Married', 'Minang', 'Senior High School', 'OHC Operator', 'Male', 'Islam', '2021-03-02 00:00:00', 'Contract'),
(4520, 'Employee Name 926', 'Cladtek', 'Production Operator', 'Contract', 'Production', 'QH', 'Single', 'Jawa', 'Vocational High School', 'Production Operator - QH', 'Male', 'Islam', '2021-03-02 00:00:00', 'Contract'),
(4521, 'Employee Name 927', 'Cladtek', 'Production Operator', 'Contract', 'Production', 'Packing & Carpentry', 'Single', 'Batak', 'Vocational High School', 'Production Operator - Packing & Carpentry', 'Male', 'Christian', '2021-03-02 00:00:00', 'Contract'),
(4522, 'Employee Name 928', 'Cladtek', 'Production Operator', 'Contract', 'Production', 'QH', 'Single', 'Jawa', 'Vocational High School', 'Production Operator - QH', 'Male', 'Islam', '2021-03-02 00:00:00', 'Contract'),
(4525, 'Employee Name 929', 'Cladtek', 'Asst. Process Engineer', 'Contract', 'Process Improvement', 'Process', 'Married', 'Palembang', 'S1', 'Asst. Process Engineer', 'Male', 'Islam', '2021-03-02 00:00:00', 'Contract'),
(4526, 'Employee Name 930', 'Cladtek', 'OHC Operator', 'Contract', 'Production', 'Material Movement', 'Single', 'Batak', 'Senior High School', 'OHC Operator', 'Male', 'Christian', '2021-03-02 00:00:00', 'Contract'),
(4527, 'Employee Name 931', 'Cladtek', 'OHC Operator', 'Contract', 'Production', 'Material Movement', 'Single', 'Batak', 'Senior High School', 'OHC Operator', 'Male', 'Catholic', '2021-03-05 00:00:00', 'Contract'),
(4528, 'Employee Name 932', 'Cladtek', 'Rigger', 'Contract', 'Production', 'Material Movement', 'Married', 'Batak', 'Vocational High School', 'Rigger', 'Male', 'Christian', '2021-03-05 00:00:00', 'Contract'),
(4529, 'Employee Name 933', 'Cladtek', 'Rigger', 'Contract', 'Production', 'Material Movement', 'Married', 'Batak', 'Vocational High School', 'Rigger', 'Male', 'Christian', '2021-03-05 00:00:00', 'Contract'),
(4530, 'Employee Name 934', 'Cladtek', 'Rigger', 'Contract', 'Production', 'Material Movement', 'Single', 'Batak', 'Vocational High School', 'Rigger', 'Male', 'Christian', '2021-03-05 00:00:00', 'Contract'),
(4531, 'Employee Name 935', 'Cladtek', 'Production Operator', 'Contract', 'Production', 'Spool Fab. Welder', 'Single', 'Jawa', 'Vocational High School', 'Production Operator - Spool Fab. Welder', 'Male', 'Islam', '2021-03-05 00:00:00', 'Contract'),
(4533, 'Employee Name 936', 'Cladtek', 'Rigger', 'Contract', 'Production', 'Material Movement', 'Married', 'Batak', 'Vocational High School', 'Rigger', 'Male', 'Christian', '2021-03-07 00:00:00', 'Contract'),
(4534, 'Employee Name 937', 'Cladtek', 'Rigger', 'Contract', 'Production', 'Material Movement', 'Married', 'Jawa', 'Vocational High School', 'Rigger', 'Male', 'Islam', '2021-03-07 00:00:00', 'Contract'),
(4536, 'Employee Name 938', 'Cladtek', 'OHC Operator', 'Contract', 'Production', 'Material Movement', 'Single', 'Batak', 'Vocational High School', 'OHC Operator', 'Male', 'Christian', '2021-03-09 00:00:00', 'Contract'),
(4538, 'Employee Name 939', 'Cladtek', 'Production Operator', 'Contract', 'Production', 'MLP', 'Single', 'Jawa', 'Vocational High School', 'Production Operator - MLP 1', 'Male', 'Islam', '2021-03-10 00:00:00', 'Contract'),
(4539, 'Employee Name 940', 'Cladtek', 'Production Operator', 'Contract', 'Production', 'Spool Fab. Welder', 'Married', 'Minang', 'Senior High School', 'Production Operator - Spool Fab. Welder', 'Male', 'Islam', '2021-03-10 00:00:00', 'Contract'),
(4540, 'Employee Name 941', 'Cladtek', 'Production Operator', 'Contract', 'Production', 'Liner', 'Single', 'Batak', 'Senior High School', 'Production Operator - MLP 2', 'Male', 'Christian', '2021-03-10 00:00:00', 'Contract'),
(4543, 'Employee Name 942', 'Cladtek', 'Facility Maintenance', 'Contract', 'Maintenance & Engineering', 'Facility Operations', 'Single', 'Jawa', 'Vocational High School', 'Facility Maintenance - Mechanic', 'Male', 'Islam', '2021-03-10 00:00:00', 'Contract'),
(4544, 'Employee Name 943', 'Cladtek', 'Production Operator', 'Contract', 'Production', 'Spool Fab. Fitter', 'Married', 'Jawa', 'Vocational High School', 'Production Operator - Spool Fab. Fitter', 'Male', 'Islam', '2021-03-12 00:00:00', 'Contract'),
(4545, 'Employee Name 944', 'Cladtek', 'Production Operator', 'Contract', 'Production', 'Spool Fab. Fitter', 'Married', 'Minang', 'D3', 'Production Operator - Spool Fab. Fitter', 'Male', 'Islam', '2021-03-12 00:00:00', 'Contract'),
(4546, 'Employee Name 945', 'Cladtek', 'Production Operator', 'Contract', 'Production', 'Spool Fab. Fitter', 'Married', 'Jawa', 'Senior High School', 'Production Operator - Spool Fab. Fitter', 'Male', 'Islam', '2021-03-12 00:00:00', 'Contract'),
(4547, 'Employee Name 946', 'Cladtek', 'Production Operator', 'Contract', 'Production', 'Spool Fab. Fitter', 'Single', 'Batak', 'Senior High School', 'Production Operator - Spool Fab. Fitter', 'Male', 'Catholic', '2021-03-12 00:00:00', 'Contract'),
(4548, 'Employee Name 947', 'Cladtek', 'Production Operator', 'Contract', 'Production', 'Spool Fab. Fitter', 'Single', 'Jawa', 'Vocational High School', 'Production Operator - Spool Fab. Fitter', 'Male', 'Islam', '2021-03-12 00:00:00', 'Contract'),
(4549, 'Employee Name 948', 'Cladtek', 'Production Operator', 'Contract', 'Production', 'Spool Fab. Fitter', 'Single', 'Padang', 'Senior High School', 'Production Operator - Spool Fab. Fitter', 'Male', 'Islam', '2021-03-12 00:00:00', 'Contract'),
(4550, 'Employee Name 949', 'Cladtek', 'Production Operator', 'Contract', 'Production', 'Spool Fab. Fitter', 'Married', 'Jawa', 'Senior High School', 'Production Operator - Spool Fab. Fitter', 'Male', 'Islam', '2021-03-12 00:00:00', 'Contract'),
(4551, 'Employee Name 950', 'Cladtek', 'Production Operator', 'Contract', 'Production', 'Spool Fab. Fitter', 'Single', 'Jawa', 'Vocational High School', 'Production Operator - Spool Fab. Fitter', 'Male', 'Islam', '2021-03-12 00:00:00', 'Contract'),
(4552, 'Employee Name 951', 'Cladtek', 'Production Operator', 'Contract', 'Production', 'Spool Fab. Fitter', 'Married', 'Batak', 'Senior High School', 'Production Operator - Spool Fab. Fitter', 'Male', 'Islam', '2021-03-12 00:00:00', 'Contract'),
(4553, 'Employee Name 952', 'Cladtek', 'Production Operator', 'Contract', 'Production', 'Spool Fab. Fitter', 'Married', 'Jawa', 'Vocational High School', 'Production Operator - Spool Fab. Fitter', 'Male', 'Islam', '2021-03-12 00:00:00', 'Contract'),
(4554, 'Employee Name 953', 'Cladtek', 'Production Operator', 'Contract', 'Production', 'Spool Fab. Fitter', 'Married', 'Jawa', 'Vocational High School', 'Production Operator - Spool Fab. Fitter', 'Male', 'Islam', '2021-03-12 00:00:00', 'Contract'),
(4555, 'Employee Name 954', 'Cladtek', 'Production Operator', 'Contract', 'Production', 'Spool Fab. Fitter', 'Married', 'Jawa', 'Senior High School', 'Production Operator - Spool Fab. Fitter', 'Male', 'Islam', '2021-03-12 00:00:00', 'Contract'),
(4556, 'Employee Name 955', 'Cladtek', 'Production Operator', 'Contract', 'Production', 'Spool Fab. Fitter', 'Married', 'Jawa', 'Senior High School', 'Production Operator - Spool Fab. Fitter', 'Male', 'Islam', '2021-03-12 00:00:00', 'Contract'),
(4557, 'Employee Name 956', 'Cladtek', 'Production Operator', 'Contract', 'Production', 'Spool Fab. Fitter', 'Single', 'Palembang', 'Vocational High School', 'Production Operator - Spool Fab. Fitter', 'Male', 'Islam', '2021-03-12 00:00:00', 'Contract'),
(4560, 'Employee Name 957', 'Cladtek', 'Fitter', 'Contract', 'Production', 'Equipment & Build', 'Married', 'Padang', NULL, 'Fitter - P&E', 'Male', 'Islam', '2021-03-16 00:00:00', 'Contract'),
(4574, 'Employee Name 958', 'Cladtek', 'Junior Electrical Engineer', 'Contract', 'Maintenance & Engineering', 'Electrical Control System', 'Single', 'Jawa', 'S1', 'Junior Electrical Engineer', 'Male', 'Islam', '2021-03-22 00:00:00', 'Contract'),
(4575, 'Employee Name 959', 'Cladtek', 'Production Operator', 'Contract', 'Production', 'TH', 'Single', 'Minang', 'Senior High School', 'Production Operator - TH', 'Male', 'Islam', '2021-03-24 00:00:00', 'Contract'),
(4576, 'Employee Name 960', 'Cladtek', 'Production Operator', 'Contract', 'Production', 'TH', 'Single', 'Palembang', 'Vocational High School', 'Production Operator - TH', 'Female', 'Islam', '2021-03-24 00:00:00', 'Contract'),
(4582, 'Employee Name 961', 'Cladtek', 'Production Operator', 'Contract', 'Production', 'QH', 'Single', 'Batak', 'Vocational High School', 'Production Operator - QH', 'Male', 'Christian', '2021-03-29 00:00:00', 'Contract'),
(4583, 'Employee Name 962', 'Cladtek', 'Production Operator', 'Contract', 'Production', 'QH', 'Married', 'Padang', 'Vocational High School', 'Production Operator - QH', 'Male', 'Islam', '2021-03-29 00:00:00', 'Contract'),
(4584, 'Employee Name 963', 'Cladtek', 'Production Operator', 'Contract', 'Production', 'QH', 'Single', 'Padang', 'Vocational High School', 'Production Operator - QH', 'Male', 'Islam', '2021-03-29 00:00:00', 'Contract'),
(4585, 'Employee Name 964', 'Cladtek', 'Production Operator', 'Contract', 'Production', 'QH', 'Single', 'Sunda', 'Senior High School', 'Production Operator - QH', 'Male', 'Islam', '2021-03-29 00:00:00', 'Contract'),
(4586, 'Employee Name 965', 'Cladtek', 'Production Operator', 'Contract', 'Production', 'QH', 'Single', 'Batak', 'Vocational High School', 'Production Operator - QH', 'Male', 'Christian', '2021-03-29 00:00:00', 'Contract'),
(4587, 'Employee Name 966', 'Cladtek', 'Production Operator', 'Contract', 'Production', 'QH', 'Single', 'Batak', 'Vocational High School', 'Production Operator - QH', 'Male', 'Christian', '2021-03-29 00:00:00', 'Contract'),
(4588, 'Employee Name 967', 'Cladtek', 'Production Operator', 'Contract', 'Production', 'QH', 'Single', 'Padang', 'Vocational High School', 'Production Operator - QH', 'Male', 'Islam', '2021-03-29 00:00:00', 'Contract'),
(4589, 'Employee Name 968', 'Cladtek', 'Production Operator', 'Contract', 'Production', 'SHV', 'Married', 'Jawa', 'Vocational High School', 'Production Operator - SHV', 'Male', 'Islam', '2021-03-29 00:00:00', 'Contract'),
(4590, 'Employee Name 969', 'Cladtek', 'Production Operator', 'Contract', 'Production', 'SHV', 'Married', 'Makasar', 'Vocational High School', 'Production Operator - SHV', 'Male', 'Islam', '2021-03-29 00:00:00', 'Contract'),
(4591, 'Employee Name 970', 'Cladtek', 'Production Operator', 'Contract', 'Production', 'SHV', 'Single', 'Melayu', NULL, 'Production Operator - SHV', 'Male', 'Islam', '2021-03-29 00:00:00', 'Contract'),
(4592, 'Employee Name 971', 'Cladtek', 'Production Operator', 'Contract', 'Production', 'TH', 'Married', 'Aceh', 'Vocational High School', 'Production Operator - TH', 'Male', 'Islam', '2021-03-29 00:00:00', 'Contract'),
(4593, 'Employee Name 972', 'Cladtek', 'Production Operator', 'Contract', 'Production', 'TH', 'Single', 'Melayu', 'Vocational High School', 'Production Operator - TH', 'Male', 'Islam', '2021-03-29 00:00:00', 'Contract'),
(4594, 'Employee Name 973', 'Cladtek', 'Production Operator', 'Contract', 'Production', 'TH', 'Single', 'Jawa', 'Senior High School', 'Production Operator - TH', 'Male', 'Islam', '2021-03-29 00:00:00', 'Contract'),
(4595, 'Employee Name 974', 'Cladtek', 'Production Operator', 'Contract', 'Production', 'Bending & HT', 'Single', 'Batak', 'Vocational High School', 'Production Operator - Bending & HT', 'Male', 'Christian', '2021-03-30 00:00:00', 'Contract'),
(4596, 'Employee Name 975', 'Cladtek', 'Production Operator', 'Contract', 'Production', 'Bending & HT', 'Married', 'Jawa', 'Vocational High School', 'Production Operator - Bending & HT', 'Male', 'Christian', '2021-03-30 00:00:00', 'Contract'),
(4597, 'Employee Name 976', 'Cladtek', 'Scada Engineer', 'Contract', 'Production Automation', 'Production Automation', 'Single', 'Padang', 'S1', 'Scada Engineer', 'Male', 'Islam', '2021-03-30 00:00:00', 'Contract'),
(4598, 'Employee Name 977', 'Cladtek', 'Production Operator', 'Contract', 'Production', 'Spool Fab. Fitter', 'Single', 'Jawa', 'Vocational High School', 'Production Operator - Spool Fab. Fitter', 'Male', 'Islam', '2021-04-13 00:00:00', 'Contract'),
(4599, 'Employee Name 978', 'Cladtek', 'Edgecam Programmer', 'Contract', 'Production', 'Machine Shop', 'Married', 'Jawa', 'Vocational High School', 'Edgecam Programmer', 'Male', 'Islam', '2021-04-13 00:00:00', 'Contract'),
(4600, 'Employee Name 979', 'Cladtek', 'Production Supervisor', 'Contract', 'Production', 'Supervisor', 'Married', 'Jawa', 'S1', 'Production Supervisor - Machining', 'Male', 'Islam', '2021-04-13 00:00:00', 'Contract'),
(4601, 'Employee Name 980', 'Cladtek', 'HSE Officer', 'Contract', 'Health, Safety, & Environment', 'HSE', 'Single', 'Batak', 'S1', 'HSE Officer', 'Male', 'Catholic', '2021-04-13 00:00:00', 'Contract'),
(4602, 'Employee Name 981', 'Cladtek', 'Production Operator', 'Contract', 'Production', 'Liner', 'Married', 'Batak', 'Vocational High School', 'Production Operator - MLP 2', 'Male', 'Christian', '2021-05-05 00:00:00', 'Contract'),
(4603, 'Employee Name 982', 'Cladtek', 'OHC Operator', 'Contract', 'Production', 'Material Movement', 'Married', 'Batak', 'Vocational High School', 'OHC Operator', 'Male', 'Christian', '2021-05-11 00:00:00', 'Contract'),
(4604, 'Employee Name 983', 'Cladtek', 'Production Operator', 'Contract', 'Production', 'SHV', 'Single', 'Batak', 'Vocational High School', 'Production Operator - SHV', 'Male', 'Islam', '2021-05-11 00:00:00', 'Contract'),
(4605, 'Employee Name 984', 'Cladtek', 'Production Operator', 'Contract', 'Production', 'SHV', 'Single', 'Jawa', 'Vocational High School', 'Production Operator - SHV', 'Male', 'Islam', '2021-05-11 00:00:00', 'Contract'),
(4606, 'Employee Name 985', 'Cladtek', 'Production Operator', 'Contract', 'Production', 'SHV', 'Single', 'Jawa', 'Vocational High School', 'Production Operator - SHV', 'Male', 'Islam', '2021-05-11 00:00:00', 'Contract'),
(4607, 'Employee Name 986', 'Cladtek', 'Production Operator', 'Contract', 'Production', 'SHV', 'Single', 'Minang', 'Senior High School', 'Production Operator - SHV', 'Male', 'Islam', '2021-05-11 00:00:00', 'Contract'),
(4608, 'Employee Name 987', 'Cladtek', 'Production Operator', 'Contract', 'Production', 'SHV', 'Single', 'Bugis', 'Vocational High School', 'Production Operator - SHV', 'Male', 'Islam', '2021-05-11 00:00:00', 'Contract'),
(4609, 'Employee Name 988', 'Cladtek', 'Production Operator', 'Contract', 'Production', 'SHV', 'Single', 'Batak', 'Vocational High School', 'Production Operator - SHV', 'Male', 'Islam', '2021-05-11 00:00:00', 'Contract'),
(4610, 'Employee Name 989', 'Cladtek', 'Production Operator', 'Contract', 'Production', 'SHV', 'Single', 'Jawa', 'Vocational High School', 'Production Operator - SHV', 'Male', 'Islam', '2021-05-11 00:00:00', 'Contract'),
(4612, 'Employee Name 990', 'Cladtek', 'Production Operator', 'Contract', 'Production', 'SHV', 'Single', 'Padang', 'Senior High School', 'Production Operator - SHV', 'Male', 'Islam', '2021-05-19 00:00:00', 'Contract'),
(4613, 'Employee Name 991', 'Cladtek', 'Production Operator', 'Contract', 'Production', 'TH', 'Single', 'Minang', 'Senior High School', 'Production Operator - TH', 'Male', 'Islam', '2021-05-19 00:00:00', 'Contract'),
(4614, 'Employee Name 992', 'Cladtek', 'Production Operator', 'Contract', 'Production', 'SHV', 'Single', 'Jawa', 'Vocational High School', 'Production Operator - SHV', 'Female', 'Islam', '2021-05-19 00:00:00', 'Contract'),
(4615, 'Employee Name 993', 'Cladtek', 'Production Operator', 'Contract', 'Production', 'Material Movement', 'Married', 'Minang', 'Vocational High School', 'OHC Operator', 'Male', 'Islam', '2021-05-19 00:00:00', 'Contract'),
(4620, 'Employee Name 994', 'Cladtek', 'Production Operator', 'Contract', 'Production', 'QH', 'Married', 'Jawa', 'Senior High School', 'Production Operator - QH', 'Male', 'Islam', '2021-06-08 00:00:00', 'Contract'),
(4621, 'Employee Name 995', 'Cladtek', 'Welding Engineer', 'Contract', 'Technical', NULL, 'Married', 'Melayu', 'S1', 'Welding Engineer', 'Male', 'Islam', '2021-06-11 00:00:00', 'Contract'),
(4622, 'Employee Name 996', 'Cladtek', 'Production Operator', 'Contract', 'Production', 'Liner', 'Married', 'Melayu', 'Vocational High School', 'Production Operator - MLP 2', 'Male', 'Islam', '2021-06-11 00:00:00', 'Contract'),
(4623, 'Employee Name 997', 'Cladtek', 'Production Operator', 'Contract', 'Production', 'TH', 'Married', 'Minang', 'Vocational High School', 'Production Operator - TH', 'Male', 'Islam', '2021-06-16 00:00:00', 'Contract'),
(4624, 'Employee Name 998', 'Cladtek', 'Production Operator', 'Contract', 'Production', 'TH', 'Single', 'Palembang', 'Senior High School', 'Production Operator - TH', 'Male', 'Islam', '2021-06-16 00:00:00', 'Contract'),
(4625, 'Employee Name 999', 'Cladtek', 'Production Operator', 'Contract', 'Production', 'Blast & Paint', 'Married', 'Bugis', 'Junior High School', 'Production Operator - Blast & Paint', 'Male', 'Islam', '2021-06-16 00:00:00', 'Contract'),
(4626, 'Employee Name 1000', 'Cladtek', 'Production Operator', 'Contract', 'Production', 'QH', 'Married', 'Melayu', 'Vocational High School', 'Production Operator - QH', 'Male', 'Islam', '2021-06-23 00:00:00', 'Contract'),
(4627, 'Employee Name 1001', 'Cladtek', 'Production Operator', 'Contract', 'Production', 'QH', 'Married', 'Batak', 'Senior High School', 'Production Operator - QH', 'Male', 'Christian', '2021-06-23 00:00:00', 'Contract'),
(4628, 'Employee Name 1002', 'Cladtek', 'Production Operator', 'Contract', 'Production', 'SHV', 'Single', 'Batak', 'S1', 'Production Operator - SHV', 'Female', 'Christian', '2021-06-23 00:00:00', 'Contract'),
(4629, 'Employee Name 1003', 'Cladtek', 'Production Operator', 'Contract', 'Production', 'SHV', 'Married', 'Melayu', 'Senior High School', 'Production Operator - SHV', 'Male', 'Islam', '2021-06-23 00:00:00', 'Contract'),
(4632, 'Employee Name 1004', 'Cladtek', 'Production Operator', 'Contract', 'Production', 'TH', 'Single', 'Palembang', 'Senior High School', 'Production Operator - TH', 'Male', 'Islam', '2021-06-23 00:00:00', 'Contract'),
(4639, 'Employee Name 1005', 'Cladtek', 'Production Operator', 'Contract', 'Production', 'Machine Shop', 'Married', 'Batak', 'S1', 'Production Operator - Machine Shop', 'Male', 'Christian', '2021-07-05 00:00:00', 'Contract'),
(4640, 'Employee Name 1006', 'Cladtek', 'Production Operator', 'Contract', 'Production', 'Machine Shop', 'Married', 'Batak', 'Vocational High School', 'Production Operator - Machine Shop', 'Male', 'Christian', '2021-07-05 00:00:00', 'Contract'),
(4641, 'Employee Name 1007', 'Cladtek', 'Production Operator', 'Contract', 'Production', 'Spool Fab. Fitter', 'Married', 'Jawa', 'Senior High School', 'Production Operator - Spool Fab. Fitter', 'Male', 'Islam', '2021-07-07 00:00:00', 'Contract'),
(4644, 'Employee Name 1008', 'Cladtek', 'Production Operator', 'Contract', 'Production', 'MLP', 'Single', 'Palembang', 'Senior High School', 'Production Operator - MLP 1', 'Male', 'Islam', '2021-07-07 00:00:00', 'Contract'),
(4647, 'Employee Name 1009', 'Cladtek', 'Electric Maintenance Technician', 'Contract', 'Maintenance & Engineering', NULL, 'Married', 'Melayu', 'Vocational High School', 'Electric Maintenance Technician', 'Male', 'Islam', '2021-07-13 00:00:00', 'Contract'),
(4648, 'Employee Name 1010', 'Cladtek', 'Facility Maintenance', 'Contract', 'Maintenance & Engineering', NULL, 'Single', 'Jawa', 'Vocational High School', 'Facility Maintenance - Electrical', 'Male', 'Islam', '2021-07-13 00:00:00', 'Contract'),
(4649, 'Employee Name 1011', 'Cladtek', 'Production Operator', 'Contract', 'Production', 'Machine Shop', 'Single', 'Batak', 'Senior High School', 'Production Operator - Machine Shop', 'Male', 'Christian', '2021-07-15 00:00:00', 'Contract'),
(4650, 'Employee Name 1012', 'Cladtek', 'Production Operator', 'Contract', 'Production', 'Material Movement', 'Married', 'Batak', 'Senior High School', 'OHC Operator', 'Male', 'Christian', '2021-07-21 00:00:00', 'Contract'),
(4653, 'Employee Name 1013', 'Cladtek', 'Production Operator', 'Contract', 'Production', 'TH', 'Single', 'Jawa', 'Senior High School', 'Production Operator - TH', 'Male', 'Islam', '2021-08-04 00:00:00', 'Contract'),
(4654, 'Employee Name 1014', 'Cladtek', 'Production Operator', 'Contract', 'Production', 'SHV', 'Single', 'Jawa', 'Senior High School', 'Production Operator - SHV', 'Male', 'Islam', '2021-08-04 00:00:00', 'Contract'),
(4655, 'Employee Name 1015', 'Cladtek', 'Production Operator', 'Contract', 'Production', 'SHV', 'Married', 'Jawa', 'Senior High School', 'Production Operator - SHV', 'Male', 'Islam', '2021-08-04 00:00:00', 'Contract'),
(4656, 'Employee Name 1016', 'Cladtek', 'Production Operator', 'Contract', 'Production', 'SHV', 'Married', 'Minang', 'S1', 'Production Operator - SHV', 'Male', 'Islam', '2021-08-04 00:00:00', 'Contract'),
(4657, 'Employee Name 1017', 'Cladtek', 'Production Operator', 'Contract', 'Production', 'Machine Shop', 'Married', 'Batak', 'Vocational High School', 'Production Operator - Machine Shop', 'Male', 'Christian', '2021-08-11 00:00:00', 'Contract'),
(4658, 'Employee Name 1018', 'Cladtek', 'Production Operator', 'Contract', 'Production', 'Machine Shop', 'Married', 'Jawa', 'Vocational High School', 'Production Operator - Machine Shop', 'Male', 'Islam', '2021-08-11 00:00:00', 'Contract'),
(4659, 'Employee Name 1019', 'Cladtek', 'Production Operator', 'Contract', 'Production', 'QH', 'Single', 'Palembang', 'Senior High School', 'Production Operator - QH', 'Male', 'Islam', '2021-08-16 00:00:00', 'Contract'),
(4662, 'Employee Name 1020', 'Cladtek', 'Production Operator', 'Contract', 'Production', 'Spool Fab. Fitter', 'Single', 'Jawa', 'S1', 'Production Operator - Spool Fab. Fitter', 'Male', 'Islam', '2021-08-30 00:00:00', 'Contract'),
(4663, 'Employee Name 1021', 'Cladtek', 'Production Operator', 'Contract', 'Production', 'QH', 'Married', 'Batak', 'Vocational High School', 'Production Operator - QH', 'Male', 'Christian', '2021-09-06 00:00:00', 'Contract'),
(4664, 'Employee Name 1022', 'Cladtek', 'Production Operator', 'Contract', 'Production', 'SHV', 'Single', 'Batak', 'S1', 'Production Operator - SHV', 'Female', 'Christian', '2021-09-08 00:00:00', 'Contract'),
(4665, 'Employee Name 1023', 'Cladtek', 'Store Keeper', 'Contract', 'Supply Chain Management', NULL, 'Married', 'Batak', 'Vocational High School', 'Store Keeper 1', 'Male', 'Christian', '2021-09-08 00:00:00', 'Contract'),
(4666, 'Employee Name 1024', 'Cladtek', 'Electric Maintenance Technician', 'Contract', 'Maintenance & Engineering', NULL, 'Single', NULL, 'D3', 'Electric Maintenance Technician', 'Male', 'Islam', '2021-09-17 00:00:00', 'Contract'),
(4667, 'Employee Name 1025', 'Cladtek', 'Machining Operator', 'Daily', 'Production', NULL, 'Single', 'Batak', 'Vocational High School', 'Machining Operator', 'Male', 'Christian', '2021-09-17 00:00:00', 'Daily'),
(4668, 'Employee Name 1026', 'Cladtek', 'Production Operator', 'Daily', 'Production', NULL, 'Married', 'Melayu', 'Senior High School', 'Production Operator - TH', 'Male', 'Islam', '2021-09-17 00:00:00', 'Daily'),
(4669, 'Employee Name 1027', 'Cladtek', 'Production Operator', 'Daily', 'Production', NULL, 'Single', 'Batak', 'Vocational High School', 'Production Operator - SHV', 'Male', 'Islam', '2021-09-24 00:00:00', 'Daily'),
(4670, 'Employee Name 1028', 'Cladtek', 'Production Operator', 'Contract', 'Production', 'SHV', 'Single', 'Minang', 'Senior High School', 'Production Operator - SHV', 'Male', 'Islam', '2021-09-24 00:00:00', 'Contract'),
(4671, 'Employee Name 1029', 'Cladtek', 'Production Operator', 'Daily', 'Production', NULL, 'Single', 'Minang', 'D3', 'Production Operator - SHV', 'Male', 'Islam', '2021-09-24 00:00:00', 'Daily'),
(4673, 'Employee Name 1030', 'Cladtek', 'Production Operator', 'Daily', 'Production', NULL, 'Single', 'Melayu', 'Vocational High School', 'Production Operator - SHV', 'Male', 'Islam', '2021-09-24 00:00:00', 'Daily'),
(4674, 'Employee Name 1031', 'Cladtek', 'Production Operator', 'Daily', 'Production', NULL, 'Married', 'Palembang', 'Vocational High School', 'Production Operator - SHV', 'Male', 'Islam', '2021-09-24 00:00:00', 'Daily'),
(4675, 'Employee Name 1032', 'Cladtek', 'Production Operator', 'Contract', 'Production', 'SHV', 'Single', 'Jawa', 'Vocational High School', 'Production Operator - SHV', 'Male', 'Islam', '2021-09-24 00:00:00', 'Contract'),
(4676, 'Employee Name 1033', 'Cladtek', 'Production Operator', 'Daily', 'Production', NULL, 'Single', 'Jawa', 'Senior High School', 'Production Operator - SHV', 'Male', 'Islam', '2021-09-24 00:00:00', 'Daily'),
(4677, 'Employee Name 1034', 'Cladtek', 'Production Operator', 'Daily', 'Production', NULL, 'Single', 'Jawa', 'D3', 'Production Operator - SHV', 'Male', 'Islam', '2021-09-24 00:00:00', 'Daily'),
(4678, 'Employee Name 1035', 'Cladtek', 'Production Operator', 'Daily', 'Production', NULL, 'Single', 'Jawa', 'Vocational High School', 'Production Operator - SHV', 'Male', 'Islam', '2021-09-24 00:00:00', 'Daily'),
(4679, 'Employee Name 1036', 'Cladtek', 'Production Operator', 'Daily', 'Production', NULL, 'Single', 'Minang', 'Senior High School', 'Production Operator - SHV', 'Male', 'Islam', '2021-09-24 00:00:00', 'Daily'),
(4680, 'Employee Name 1037', 'Cladtek', 'Production Operator', 'Daily', 'Production', NULL, 'Single', 'Jawa', 'Vocational High School', 'Production Operator - SHV', 'Male', 'Islam', '2021-09-24 00:00:00', 'Daily'),
(4681, 'Employee Name 1038', 'Cladtek', 'Production Operator', 'Daily', 'Production', NULL, 'Single', 'Minang', 'Senior High School', 'Production Operator - SHV', 'Male', 'Islam', '2021-09-24 00:00:00', 'Daily'),
(4682, 'Employee Name 1039', 'Cladtek', 'Production Operator', 'Daily', 'Production', NULL, 'Single', 'Melayu', 'Vocational High School', 'Production Operator - SHV', 'Male', 'Islam', '2021-09-24 00:00:00', 'Daily'),
(4683, 'Employee Name 1040', 'Cladtek', 'Production Operator', 'Daily', 'Production', NULL, 'Single', 'Melayu', 'Vocational High School', 'Production Operator - SHV', 'Male', 'Islam', '2021-09-24 00:00:00', 'Daily'),
(4684, 'Employee Name 1041', 'Cladtek', 'Production Operator', 'Daily', 'Production', NULL, 'Single', 'Melayu', 'Senior High School', 'Production Operator - SHV', 'Male', 'Islam', '2021-09-24 00:00:00', 'Daily'),
(4685, 'Employee Name 1042', 'Cladtek', 'Production Operator', 'Daily', 'Production', NULL, 'Single', 'Jawa', 'Vocational High School', 'Production Operator - SHV', 'Male', 'Islam', '2021-09-24 00:00:00', 'Daily'),
(4686, 'Employee Name 1043', 'Cladtek', 'Production Operator', 'Daily', 'Production', NULL, 'Single', 'Palembang', 'Senior High School', 'Production Operator - SHV', 'Male', 'Islam', '2021-09-24 00:00:00', 'Daily'),
(4687, 'Employee Name 1044', 'Cladtek', 'Production Operator', 'Daily', 'Production', NULL, 'Single', 'Sulawesi', 'Senior High School', 'Production Operator - SHV', 'Male', 'Islam', '2021-09-24 00:00:00', 'Daily'),
(4688, 'Employee Name 1045', 'Cladtek', 'Production Operator', 'Daily', 'Production', NULL, 'Single', 'Minang', 'Senior High School', 'Production Operator - SHV', 'Male', 'Islam', '2021-09-24 00:00:00', 'Daily'),
(4689, 'Employee Name 1046', 'Cladtek', 'Production Operator', 'Daily', 'Production', NULL, 'Married', 'Jawa', 'Vocational High School', 'Production Operator - SHV', 'Male', 'Islam', '2021-09-24 00:00:00', 'Daily'),
(4690, 'Employee Name 1047', 'Cladtek', 'Production Operator', 'Daily', 'Production', NULL, 'Single', 'Jawa', 'Vocational High School', 'Production Operator - SHV', 'Male', 'Islam', '2021-09-24 00:00:00', 'Daily'),
(4691, 'Employee Name 1048', 'Cladtek', 'Production Operator', 'Daily', 'Production', NULL, 'Single', 'Jawa', 'Vocational High School', 'Production Operator - SHV', 'Male', 'Islam', '2021-09-24 00:00:00', 'Daily'),
(4692, 'Employee Name 1049', 'Cladtek', 'Production Operator', 'Daily', 'Production', 'SHV', 'Single', 'Batak', 'Senior High School', 'Production Operator - SHV', 'Male', 'Christian', '2021-09-24 00:00:00', 'Daily'),
(4693, 'Employee Name 1050', 'Cladtek', 'Production Operator', 'Daily', 'Production', NULL, 'Single', 'Melayu', 'D4', 'Production Operator - SHV', 'Male', 'Islam', '2021-09-24 00:00:00', 'Daily'),
(4694, 'Employee Name 1051', 'Cladtek', 'Production Operator', 'Daily', 'Production', 'Spool Fab. Welder', 'Single', 'Jawa', 'Vocational High School', 'Production Operator - Spool Fab. Welder', 'Male', 'Islam', '2021-09-24 00:00:00', 'Daily'),
(4695, 'Employee Name 1052', 'Cladtek', 'Production Operator', 'Daily', 'Production', 'Machine Shop', 'Single', 'Batak', 'S1', 'Production Operator - Machine Shop', 'Male', 'Christian', '2021-09-24 00:00:00', 'Daily'),
(4696, 'Employee Name 1053', 'Cladtek', 'Project Engineer', 'Contract', 'Project', NULL, 'Single', 'Jawa', 'S1', 'Project Engineer', 'Male', 'Islam', '2021-09-27 00:00:00', 'Contract'),
(4697, 'Employee Name 1054', 'Cladtek', 'Electric Maintenance Technician', 'Contract', 'Maintenance & Engineering', NULL, 'Single', 'Batak', 'D4', 'Electrical Technician', 'Male', 'Christian', '2021-09-28 00:00:00', 'Contract'),
(4698, 'Employee Name 1055', 'Cladtek', 'Production Operator', 'Daily', 'Production', 'SHV', 'Married', 'Jawa', 'Vocational High School', 'Production Operator - SHV', 'Male', 'Islam', '2021-09-28 00:00:00', 'Daily'),
(4699, 'Employee Name 1056', 'Cladtek', 'Production Operator', 'Daily', 'Production', 'SHV', 'Married', 'Jawa', 'Vocational High School', 'Production Operator - SHV', 'Male', 'Islam', '2021-09-28 00:00:00', 'Daily'),
(4700, 'Employee Name 1057', 'Cladtek', 'Production Operator', 'Daily', 'Production', NULL, 'Single', 'Flores', 'Senior High School', 'Production Operator - SHV', 'Male', 'Islam', '2021-09-28 00:00:00', 'Daily');

-- --------------------------------------------------------

--
-- Struktur dari tabel `employee_status`
--

CREATE TABLE `employee_status` (
  `employee_status` varchar(50) NOT NULL
) ENGINE=InnoDB DEFAULT CHARSET=utf8mb4;

--
-- Dumping data untuk tabel `employee_status`
--

INSERT INTO `employee_status` (`employee_status`) VALUES
('Permanent'),
('Daily'),
('Contract');

-- --------------------------------------------------------

--
-- Struktur dari tabel `input`
--

CREATE TABLE `input` (
  `option` varchar(20) NOT NULL,
  `Name` varchar(50) NOT NULL,
  `Employee_ID` varchar(30) NOT NULL,
  `Designantion` varchar(30) NOT NULL,
  `Date_of_Joining` date NOT NULL,
  `Effective_Date_of_Change` date NOT NULL,
  `Reason_for_Change` varchar(200) NOT NULL,
  `Employment_Status` varchar(50) NOT NULL,
  `Department` varchar(50) NOT NULL,
  `Division_Section_Station` varchar(50) NOT NULL,
  `Immediate_Superior` varchar(50) NOT NULL,
  `Des` varchar(50) NOT NULL,
  `Basic_Salary` int(50) NOT NULL,
  `Allowances_Amount` int(50) NOT NULL,
  `Overtime_Rate` int(50) NOT NULL,
  `Others` varchar(50) DEFAULT NULL,
  `request` varchar(50) DEFAULT NULL,
  `manager` varchar(50) DEFAULT NULL,
  `HRD` varchar(50) DEFAULT NULL,
  `CEO` varchar(50) DEFAULT NULL,
  `Remark` varchar(200) DEFAULT NULL
) ENGINE=InnoDB DEFAULT CHARSET=utf8mb4;

--
-- Dumping data untuk tabel `input`
--

INSERT INTO `input` (`option`, `Name`, `Employee_ID`, `Designantion`, `Date_of_Joining`, `Effective_Date_of_Change`, `Reason_for_Change`, `Employment_Status`, `Department`, `Division_Section_Station`, `Immediate_Superior`, `Des`, `Basic_Salary`, `Allowances_Amount`, `Overtime_Rate`, `Others`, `request`, `manager`, `HRD`, `CEO`, `Remark`) VALUES
('Promotion', 'Surya', '3312001020', 'Employee', '2021-09-28', '2021-10-22', 'Good', 'Contract', 'Health,', 'Expeditor', 'Good', 'batam', 31, 211, 314, 'none', NULL, NULL, NULL, NULL, ''),
('Contract', 'Surya', '3312001023', 'Employee', '2021-10-08', '2021-10-15', 'Good', 'Permanent', 'Project', 'HSE', 'Good', 'batam', 12333333, 123123331, 2, 'none', 'acc', 'acc', NULL, NULL, ''),
('Transfer', 'Surya', '3312001032', 'Employee', '2021-09-28', '2021-09-30', 'Good', 'Permanent', 'ITES', 'Expeditor', 'Good', 'batam', 21, 21, 21, 'none', NULL, NULL, NULL, NULL, '');

--
-- Indexes for dumped tables
--

--
-- Indeks untuk tabel `departement`
--
ALTER TABLE `departement`
  ADD PRIMARY KEY (`id_departement`);

--
-- Indeks untuk tabel `division`
--
ALTER TABLE `division`
  ADD PRIMARY KEY (`id_division`),
  ADD KEY `id_departement` (`id_departement`);

--
-- Indeks untuk tabel `input`
--
ALTER TABLE `input`
  ADD PRIMARY KEY (`Employee_ID`);

--
-- AUTO_INCREMENT untuk tabel yang dibuang
--

--
-- AUTO_INCREMENT untuk tabel `departement`
--
ALTER TABLE `departement`
  MODIFY `id_departement` int(11) NOT NULL AUTO_INCREMENT, AUTO_INCREMENT=17;

--
-- AUTO_INCREMENT untuk tabel `division`
--
ALTER TABLE `division`
  MODIFY `id_division` int(11) NOT NULL AUTO_INCREMENT, AUTO_INCREMENT=82;

--
-- Ketidakleluasaan untuk tabel pelimpahan (Dumped Tables)
--

--
-- Ketidakleluasaan untuk tabel `division`
--
ALTER TABLE `division`
  ADD CONSTRAINT `division_ibfk_1` FOREIGN KEY (`id_departement`) REFERENCES `departement` (`id_departement`);
COMMIT;

/*!40101 SET CHARACTER_SET_CLIENT=@OLD_CHARACTER_SET_CLIENT */;
/*!40101 SET CHARACTER_SET_RESULTS=@OLD_CHARACTER_SET_RESULTS */;
/*!40101 SET COLLATION_CONNECTION=@OLD_COLLATION_CONNECTION */;
